"Name","Height","Weight","Team","Age","Salary","Points","Blocks","Steals","Assists","Rebounds","FT%","FTA","FG3%","FG3A","FG%","FGA","MP","G","PER","OWS","DWS","WS","WS48","USG","BPM","VORP"
"Alex Abrines",78,200,"Oklahoma City Thunder",25,5455236,5.3,0.2,0.5,0.6,1.5,0.923,0.4,0.323,4.1,0.357,5.1,19,31,6.3,0.1,0.6,0.6,0.053,12.2,-3.4,-0.2
"Quincy Acy",79,240,"Phoenix Suns",28,213949,1.7,0.4,0.1,0.8,2.5,0.7,1,0.133,1.5,0.222,1.8,12.3,10,2.9,-0.1,0,-0.1,-0.022,9.2,-5.9,-0.1
"Jaylen Adams",74,190,"Atlanta Hawks",22,236854,3.2,0.1,0.4,1.9,1.8,0.778,0.3,0.338,2.2,0.345,3.2,12.6,34,7.6,-0.1,0.2,0.1,0.011,13.5,-4.4,-0.3
"Steven Adams",84,265,"Oklahoma City Thunder",25,24157304,13.9,1,1.5,1.6,9.5,0.5,3.7,0,0,0.595,10.1,33.4,80,18.5,5.1,4,9.1,0.163,16.4,2.7,3.2
"Bam Adebayo",82,255,"Miami Heat",21,2955840,8.9,0.8,0.9,2.2,7.3,0.735,2.8,0.2,0.2,0.576,5.9,23.3,82,17.9,3.4,3.4,6.8,0.171,15.8,3,2.4
"Deng Adel",79,200,"<Free Agent>",21,0,1.7,0.2,0.1,0.3,1,1,0.2,0.261,1.2,0.306,1.9,10.2,19,2.7,-0.2,0,-0.2,-0.054,9.9,-7.3,-0.3
"LaMarcus Aldridge",83,260,"San Antonio Spurs",33,22347015,21.3,1.3,0.5,2.4,9.2,0.847,5.1,0.238,0.5,0.519,16.3,33.2,81,22.9,6.4,2.9,9.3,0.167,26.9,1.6,2.5
"Rawle Alkins",77,225,"<Free Agent>",21,0,3.7,0,0.1,1.3,2.6,0.667,1.2,0.25,1.2,0.333,3.9,12,10,8.1,-0.1,0,-0.1,-0.042,19,-6.5,-0.1
"Grayson Allen",77,198,"Utah Jazz",23,2074320,5.6,0.2,0.2,0.7,0.6,0.75,1.6,0.323,2.6,0.376,4.7,10.9,38,7.5,-0.4,0.4,0,0.002,24.4,-6.8,-0.5
"Jarrett Allen",83,237,"Brooklyn Nets",20,2034120,10.9,1.5,0.5,1.4,8.4,0.709,3.5,0.133,0.6,0.59,7.1,26.2,80,18.5,4.4,3.3,7.6,0.175,15.9,2.5,2.4
"Kadeem Allen",75,192,"<Free Agent>",26,0,9.9,0.2,0.8,4,2.7,0.778,2.8,0.472,1.9,0.461,7.4,21.9,19,16.2,0.7,0.2,1,0.111,19.6,-1.1,0.1
"Al-Farouq Aminu",81,220,"Portland Trail Blazers",28,6957105,9.4,0.4,0.8,1.3,7.5,0.867,2.1,0.343,3.5,0.433,7.3,28.3,81,13.2,3,2.8,5.8,0.121,13.7,0.9,1.7
"Justin Anderson",78,230,"Atlanta Hawks",25,2516048,3.7,0.3,0.5,0.5,1.8,0.743,0.7,0.312,1.6,0.408,3.3,9.6,48,11.2,0.1,0.4,0.4,0.043,17.2,-3.3,-0.1
"Kyle Anderson",81,230,"Memphis Grizzlies",25,8641000,8,0.9,1.3,3,5.8,0.578,1.5,0.265,0.8,0.543,6.4,29.8,43,12.8,0.8,1.8,2.7,0.1,12.6,1.2,1
"Ike Anigbogu",82,250,"Indiana Pacers",20,1378242,0,0.3,0,0.3,1,NA,0,NA,0,0,1,2,3,-6,-0.1,0,-0.1,-0.48,29.1,-14,0
"Giannis Antetokounmpo",83,242,"Milwaukee Bucks",24,24157304,27.7,1.5,1.3,5.9,12.5,0.729,9.5,0.256,2.8,0.578,17.3,32.8,72,30.9,8.9,5.5,14.4,0.292,32.3,10.8,7.6
"Kostas Antetokounmpo",82,200,"<Free Agent>",21,0,1,0,1,0,0.5,0.5,2,NA,0,0,1.5,5.5,2,-0.9,-0.1,0,-0.1,-0.247,22.5,-13.3,0
"Carmelo Anthony",80,240,"Atlanta Hawks",34,25534253,13.4,0.7,0.4,0.5,5.4,0.682,2.2,0.328,6.4,0.405,12.1,29.4,10,10.9,0.1,0.2,0.3,0.048,20.5,-5.9,-0.3
"OG Anunoby",80,232,"Toronto Raptors",21,1952760,7,0.3,0.7,0.7,2.9,0.581,0.9,0.332,3,0.453,6,20.2,67,9.8,0.3,1.7,2,0.07,15.5,-1.2,0.3
"Ryan Arcidiacono",75,200,"Chicago Bulls",24,1349383,6.7,0,0.8,3.3,2.7,0.873,1.3,0.373,2.7,0.447,5.2,24.2,81,11.6,2.8,0.9,3.7,0.09,11.7,-1,0.5
"Trevor Ariza",80,215,"Washington Wizards",33,1.5e+07,12.5,0.3,1.3,3.7,5.4,0.793,2.4,0.334,6.3,0.399,10.7,34,69,12,1.3,1.2,2.5,0.052,16.6,-0.5,0.9
"D.J. Augustin",72,183,"Orlando Magic",31,7250000,11.7,0,0.6,5.3,2.5,0.866,2.6,0.421,3.8,0.47,8.4,28,81,15.7,5,1.9,6.9,0.146,17.2,-0.3,1
"Deandre Ayton",85,250,"Phoenix Suns",20,8165160,16.3,0.9,0.9,1.8,10.3,0.746,2.7,0,0.1,0.585,12.3,30.7,71,20.5,4.1,1.7,5.8,0.128,21.2,0.2,1.2
"Dwayne Bacon",79,221,"Charlotte Hornets",23,1378242,7.3,0.1,0.3,1.1,2.1,0.739,1.1,0.437,2,0.475,6,17.7,43,11.7,0.9,0.3,1.2,0.073,16.8,-3.5,-0.3
"Marvin Bagley III",83,234,"Sacramento Kings",19,7305600,14.9,1,0.5,1,7.6,0.691,4.2,0.313,1.5,0.504,11.4,25.3,62,18.9,2,1.6,3.6,0.11,24.2,-1.8,0.1
"Ron Baker",76,220,"New York Knicks",25,4544400,0.9,0.1,0.4,1,0.7,0.833,0.4,0.077,0.9,0.2,1.3,10.1,15,2.5,-0.2,0.1,-0.1,-0.034,7.8,-6.6,-0.2
"Wade Baldwin",76,200,"Indiana Pacers",22,1544951,1.9,0.1,0.1,0.8,0.9,0.727,0.7,0.222,0.6,0.303,2.1,5.9,16,1.3,-0.4,0.1,-0.3,-0.153,23.3,-10.7,-0.2
"Lonzo Ball",78,190,"Los Angeles Lakers",21,7461960,9.9,0.4,1.5,5.4,5.3,0.417,1,0.329,4.9,0.406,9.7,30.3,47,11.7,-0.2,1.7,1.6,0.052,16.9,0.5,0.9
"Mohamed Bamba",84,221,"Orlando Magic",20,4865040,6.2,1.4,0.3,0.8,5,0.587,1.3,0.3,1.5,0.481,5.2,16.3,47,14.9,0.3,1.4,1.7,0.106,17.8,-0.2,0.4
"J.J. Barea",72,185,"Dallas Mavericks",34,3710850,10.9,0,0.6,5.6,2.5,0.705,2.1,0.297,3.4,0.418,10.1,19.8,38,16.3,0.4,0.6,1,0.064,28.1,-1.1,0.2
"Harrison Barnes",80,225,"Sacramento Kings",26,24107258,16.4,0.2,0.6,1.5,4.7,0.824,3.6,0.395,5.7,0.42,13.3,32.9,77,12.8,2,1.6,3.6,0.068,20.9,-2.3,-0.2
"Will Barton",78,190,"Denver Nuggets",28,11830358,11.5,0.5,0.4,2.9,4.6,0.77,1.7,0.342,4.6,0.402,10.7,27.7,43,11,0.1,1.1,1.2,0.049,20,-2.3,-0.1
"Keita Bates-Diop",81,229,"Minnesota Timberwolves",23,838464,5,0.5,0.6,0.6,2.8,0.643,0.9,0.25,1.7,0.423,4.7,16.8,30,9.6,0,0.4,0.3,0.032,14.1,-3.1,-0.1
"Nicolas Batum",80,200,"Charlotte Hornets",30,2.4e+07,9.3,0.6,0.9,3.3,5.2,0.865,1.2,0.389,4,0.45,7.5,31.4,75,11.9,2,1.7,3.7,0.076,13.2,0.8,1.7
"Jerryd Bayless",75,200,"Minnesota Timberwolves",30,8575916,6.1,0.1,0.5,3.5,1.8,0.571,0.8,0.296,2.9,0.357,6.8,19.3,34,8.5,-0.2,0.2,0,-0.003,17.6,-5.1,-0.5
"Aron Baynes",82,260,"Boston Celtics",32,5193600,5.6,0.7,0.2,1.1,4.7,0.855,1.2,0.344,1.2,0.471,4.4,16.1,51,14,1.3,1.1,2.4,0.139,15.2,0.2,0.5
"Kent Bazemore",77,201,"Atlanta Hawks",29,18089887,11.6,0.6,1.3,2.3,3.9,0.726,2.6,0.32,4.5,0.402,10.3,24.5,67,11.9,-0.7,1.4,0.7,0.021,22,-2.2,-0.1
"Bradley Beal",77,207,"Washington Wizards",25,25434263,25.6,0.7,1.5,5.5,5,0.808,5.5,0.351,7.3,0.475,19.6,36.9,82,20.8,5.9,1.7,7.6,0.12,28.4,2.8,3.7
"Malik Beasley",77,195,"Denver Nuggets",22,1773840,11.3,0.1,0.7,1.2,2.5,0.848,0.8,0.402,5,0.474,9.1,23.2,81,14.2,2.9,1.6,4.5,0.115,18.7,-0.5,0.7
"Michael Beasley",81,235,"Los Angeles Clippers",30,3500000,7,0.4,0.3,1,2.3,0.718,1.5,0.176,0.7,0.49,5.9,10.7,26,15.9,-0.1,0.4,0.2,0.039,29.5,-4,-0.1
"Marco Belinelli",77,210,"San Antonio Spurs",32,6153846,10.5,0.1,0.4,1.7,2.5,0.903,1.6,0.372,5,0.413,8.7,23,79,11.9,1.4,1.1,2.5,0.065,19.8,-2.1,0
"Jordan Bell",81,224,"Golden State Warriors",24,1378252,3.3,0.8,0.3,1.1,2.7,0.61,0.6,0,0,0.516,2.8,11.6,68,12.9,0.5,1.1,1.6,0.096,13.7,-0.4,0.3
"DeAndre' Bembry",78,210,"Atlanta Hawks",24,1634640,8.4,0.5,1.3,2.5,4.4,0.64,1.7,0.289,2.1,0.446,7.5,23.5,82,10.8,-0.9,1.7,0.9,0.022,17.2,-2.2,-0.1
"Dragan Bender",85,225,"Phoenix Suns",21,4661280,5,0.5,0.4,1.2,4,0.593,1.2,0.218,2.2,0.447,4.3,18,46,9.5,0,0.4,0.5,0.027,13.4,-3.4,-0.3
"Dairis Bertans",76,200,"New Orleans Pelicans",29,194220,2.8,0,0.1,0.8,0.8,NA,0,0.294,2.8,0.255,3.9,13.9,12,2,-0.2,0,-0.2,-0.054,12,-7.7,-0.2
"Davis Bertans",82,225,"San Antonio Spurs",26,7e+06,8,0.4,0.5,1.3,3.5,0.883,0.8,0.429,4.4,0.45,6,21.5,76,13,2.6,1.5,4,0.118,14.1,1.2,1.3
"Patrick Beverley",73,185,"Los Angeles Clippers",30,5027028,7.6,0.6,0.9,3.8,5,0.78,1.6,0.397,3.6,0.407,6.1,27.4,78,11.8,2.8,2,4.8,0.108,12.2,2.4,2.3
"Khem Birch",81,233,"Orlando Magic",26,1378242,4.8,0.6,0.4,0.8,3.8,0.699,1.7,0,0,0.603,3,12.9,50,19.2,1.8,1,2.8,0.212,14.1,2.4,0.7
"Bismack Biyombo",81,255,"Charlotte Hornets",26,1.7e+07,4.4,0.8,0.2,0.6,4.6,0.637,1.7,NA,0,0.571,2.9,14.5,54,14.4,1.2,0.8,2,0.125,12.7,-1.1,0.2
"Nemanja Bjelica",82,234,"Sacramento Kings",30,6500000,9.6,0.7,0.7,1.9,5.8,0.761,1.2,0.401,3.3,0.479,7.7,23.2,77,15.4,2.7,1.9,4.5,0.122,16.5,2,1.8
"Antonio Blakeney",76,192,"Chicago Bulls",22,1349383,7.3,0.2,0.2,0.7,1.9,0.658,1.3,0.396,1.6,0.419,6.9,14.5,57,10.6,-0.8,0.3,-0.5,-0.03,24.5,-8.4,-1.3
"Eric Bledsoe",73,205,"Milwaukee Bucks",29,1.5e+07,15.9,0.4,1.5,5.5,4.6,0.75,3,0.329,4.8,0.484,12.4,29.1,78,19.3,4.4,3.7,8.2,0.173,22.9,3.5,3.2
"Jaron Blossomgame",79,220,"<Free Agent>",25,0,4.2,0.3,0.3,0.5,3.6,0.769,0.5,0.256,1.4,0.443,3.9,16.3,27,10.2,0.2,0.1,0.3,0.03,12.2,-4.5,-0.3
"Bogdan Bogdanovic",78,205,"Sacramento Kings",26,9e+06,14.1,0.2,1,3.8,3.5,0.827,2.3,0.36,5.3,0.418,12.3,27.8,70,14.1,1.3,1.4,2.7,0.067,22.3,-0.7,0.6
"Bojan Bogdanovic",80,216,"Indiana Pacers",29,10500000,18,0,0.9,2,4.1,0.807,3.8,0.425,4.8,0.497,13,31.8,81,16.1,3.9,2.8,6.8,0.126,22.4,0,1.3
"Andrew Bogut",84,260,"Golden State Warriors",34,2393887,3.5,0.7,0.3,1,5,1,0.3,NA,0,0.5,3.3,12.2,11,13.4,0.1,0.2,0.3,0.111,14.5,-1.3,0
"Jonah Bolden",82,220,"Philadelphia 76ers",23,1690000,4.7,0.9,0.4,0.9,3.8,0.481,0.6,0.354,2.2,0.494,3.7,14.5,44,12.7,0.5,0.9,1.4,0.106,13.8,1.2,0.5
"Isaac Bonga",80,180,"Los Angeles Lakers",19,1e+06,0.9,0.2,0.4,0.7,1.1,0.6,0.7,0,0.4,0.152,1.5,5.5,22,6,-0.3,0.2,-0.1,-0.059,15.7,-4.3,-0.1
"Devin Booker",78,210,"Phoenix Suns",22,3314365,26.6,0.2,0.9,6.8,4.1,0.866,7.1,0.326,6.5,0.467,19.6,35,64,20.2,3.3,0.3,3.5,0.076,32.9,0.8,1.6
"Chris Boucher",82,200,"Toronto Raptors",26,457418,3.3,0.9,0.2,0.1,2,0.867,0.5,0.324,1.3,0.447,2.7,5.8,28,22.2,0.2,0.4,0.7,0.194,23.6,1.1,0.1
"Avery Bradley",74,180,"Memphis Grizzlies",28,1.2e+07,9.9,0.3,0.7,2.4,2.8,0.86,0.8,0.351,3.9,0.408,9.7,30.2,63,7.6,-0.6,1,0.3,0.009,16.2,-2.8,-0.4
"Tony Bradley",82,248,"Utah Jazz",21,1679520,5.7,0.7,0.7,0.3,5,0.5,0.7,NA,0,0.5,5.3,12,3,19.6,0,0.1,0.1,0.13,23.6,-0.7,0
"Corey Brewer",81,186,"Philadelphia 76ers",32,270496,4.9,0.2,1,1.3,2.5,0.721,1.4,0.318,1.4,0.431,4,15.9,31,11.6,0.4,0.6,1,0.095,13.6,-0.1,0.2
"Mikal Bridges",79,210,"Phoenix Suns",22,3552960,8.3,0.5,1.6,2.1,3.2,0.805,1.4,0.335,3.8,0.43,6.9,29.5,82,10.8,1.7,1.2,2.9,0.058,12.2,-0.2,1.1
"Miles Bridges",79,225,"Charlotte Hornets",20,3206640,7.5,0.6,0.7,1.2,4,0.753,1,0.325,2.5,0.464,6.4,21.2,80,13.1,1.4,1.5,2.9,0.083,15.1,-0.6,0.6
"Isaiah Briscoe",75,215,"Orlando Magic",22,838464,3.5,0.1,0.3,2.2,1.9,0.577,0.7,0.324,0.9,0.399,3.5,14.3,39,6.7,-0.3,0.5,0.3,0.023,14.1,-5.6,-0.5
"Ryan Broekhoff",79,215,"Dallas Mavericks",28,838464,4,0.1,0.1,0.5,1.5,0.789,0.5,0.409,2.2,0.452,3,10.8,42,10.7,0.5,0.3,0.8,0.086,14.3,-2.3,0
"Malcolm Brogdon",77,229,"Milwaukee Bucks",26,1544951,15.6,0.2,0.7,3.2,4.5,0.928,2.4,0.426,3.8,0.505,11.7,28.6,64,17.8,4.2,2.3,6.5,0.171,20.7,1.5,1.6
"Dillon Brooks",78,220,"Memphis Grizzlies",23,1378242,7.5,0.2,0.6,0.9,1.7,0.733,1.7,0.375,2.2,0.402,6.8,18.3,18,7.6,-0.3,0.3,0,-0.004,20.9,-6.1,-0.3
"MarShon Brooks",77,200,"Chicago Bulls",30,1656092,6.6,0.1,0.3,0.9,1.6,0.697,1.1,0.278,1.9,0.45,5.8,13.3,29,11.6,-0.2,0.3,0.1,0.018,23.6,-5.6,-0.3
"Bruce Brown",77,202,"Detroit Pistons",22,838464,4.3,0.5,0.5,1.2,2.5,0.75,0.8,0.258,1.3,0.398,4.2,19.6,74,6.9,-0.1,1.6,1.5,0.048,11.5,-2,0
"Jaylen Brown",79,220,"Boston Celtics",22,5169960,13,0.4,0.9,1.4,4.2,0.658,2.7,0.344,3.7,0.465,10.7,25.9,74,13.5,0.7,2.4,3,0.076,22.1,-2.1,0
"Lorenzo Brown",77,189,"Toronto Raptors",28,8e+05,2.1,0.2,0.5,1.1,1.2,1,0.1,0.214,1.1,0.324,2.7,8.2,26,6.3,-0.5,0.3,-0.1,-0.027,17.9,-4.3,-0.1
"Sterling Brown",78,232,"Milwaukee Bucks",23,1378242,6.4,0.1,0.4,1.4,3.2,0.69,0.7,0.361,2.5,0.465,5.4,17.8,58,10.9,0.7,1.4,2.1,0.098,15.2,-1.6,0.1
"Troy Brown Jr.",79,215,"Washington Wizards",19,2749080,4.8,0.1,0.4,1.5,2.8,0.681,0.9,0.319,1.3,0.415,4.5,14,52,11.1,0.2,0.4,0.6,0.039,16.5,-3.7,-0.3
"Jalen Brunson",75,190,"Dallas Mavericks",22,1230000,9.3,0.1,0.5,3.2,2.3,0.725,1.6,0.348,2.5,0.467,7.7,21.8,73,12.8,1.5,1,2.6,0.077,19.1,-2.5,-0.2
"Thomas Bryant",83,248,"Washington Wizards",21,1378242,10.5,0.9,0.3,1.3,6.3,0.781,1.9,0.333,1.4,0.616,7,20.8,72,21,4.3,1.3,5.6,0.178,17.6,1.6,1.3
"Reggie Bullock",79,205,"Los Angeles Lakers",27,2500000,11.3,0.2,0.6,2,2.7,0.859,1.3,0.377,6.2,0.412,9.4,29.8,63,10.5,1.6,1.4,3.1,0.078,15.8,-0.9,0.5
"Trey Burke",73,175,"Dallas Mavericks",26,1795015,10.9,0.1,0.6,2.7,1.7,0.831,2.1,0.352,2.7,0.431,9.4,19.4,58,16.5,1.4,0.5,1.9,0.081,24.8,-2.5,-0.1
"Alec Burks",78,214,"Sacramento Kings",27,11536515,8.8,0.3,0.6,2,3.7,0.823,2.2,0.363,2.6,0.405,7.4,21.5,64,12.7,0.7,0.8,1.5,0.052,19,-2.2,-0.1
"Deonte Burton",77,245,"<Free Agent>",25,0,2.6,0.3,0.2,0.3,0.9,0.667,0.4,0.296,0.8,0.402,2.6,7.5,32,7,-0.2,0.3,0.1,0.027,16.3,-6.3,-0.3
"Jimmy Butler",80,232,"Philadelphia 76ers",29,20445779,18.7,0.6,1.9,4,5.3,0.855,5.6,0.347,3,0.462,13.9,33.6,65,20.2,5.4,2.5,7.9,0.173,22.3,3.2,2.9
"Bruno Caboclo",81,218,"Memphis Grizzlies",23,487000,8.3,1,0.4,1.5,4.6,0.84,1.5,0.369,3.8,0.427,6.6,23.5,34,12.4,0.6,0.9,1.5,0.09,15.9,0.2,0.4
"Jose Calderon",75,200,"Detroit Pistons",37,2393887,2.3,0.1,0.3,2.3,1.2,0.818,0.2,0.246,1.2,0.375,2.4,12.9,49,7.1,0,0.5,0.6,0.043,10.9,-5.1,-0.5
"Kentavious Caldwell-Pope",77,205,"Los Angeles Lakers",25,1.2e+07,11.4,0.2,0.9,1.3,2.9,0.867,1.9,0.347,5.3,0.43,9.2,24.8,82,12.9,2.3,1.8,4,0.095,18.1,-0.6,0.7
"Isaiah Canaan",72,201,"Minnesota Timberwolves",27,198580,6,0.1,0.5,2.8,1.9,0.792,0.8,0.354,3.2,0.39,5.5,21,30,8,0,0.1,0.1,0.008,14.2,-5.1,-0.5
"Clint Capela",82,240,"Houston Rockets",24,15293104,16.6,1.5,0.7,1.4,12.7,0.636,3.9,NA,0,0.648,10.9,33.6,67,23.8,7.8,3,10.8,0.23,18.2,2.9,2.8
"DeMarre Carroll",80,215,"Brooklyn Nets",32,15400000,11.1,0.1,0.5,1.3,5.2,0.76,3.6,0.342,4.6,0.395,8.6,25.4,67,12.1,1.5,1.6,3.1,0.088,18.6,-1.7,0.1
"Jevon Carter",74,196,"Memphis Grizzlies",23,838464,4.4,0.3,0.7,1.8,1.7,0.813,0.8,0.333,2.6,0.303,4.7,14.8,39,7.8,-0.7,0.7,0,-0.003,18,-4,-0.3
"Vince Carter",78,220,"Atlanta Hawks",42,2393887,7.4,0.4,0.6,1.1,2.6,0.712,0.9,0.389,4.2,0.419,6.2,17.5,76,11.8,1.2,0.7,1.9,0.07,16.7,-1.6,0.1
"Wendell Carter Jr.",82,255,"Chicago Bulls",19,4441200,10.3,1.3,0.6,1.8,7,0.795,2.5,0.188,0.7,0.485,8.4,25.2,44,15.2,0.7,1.2,1.9,0.08,19.1,-0.5,0.4
"Michael Carter-Williams",78,190,"Chicago Bulls",27,1200000,4.8,0.5,0.7,2.5,2.5,0.604,1.9,0.263,1.4,0.374,4.4,13.3,28,14.7,0.2,0.6,0.8,0.099,19.4,0,0.2
"Alex Caruso",77,186,"<Free Agent>",24,0,9.2,0.4,1,3.1,2.7,0.797,2.6,0.48,2,0.445,6.9,21.2,25,13.9,0.5,0.6,1,0.093,19,-0.9,0.2
"Omri Casspi",81,225,"Memphis Grizzlies",30,2176260,6.3,0.3,0.6,0.7,3.2,0.672,1.6,0.349,1.2,0.534,4.5,14.4,36,15.7,0.6,0.7,1.3,0.119,18,-1.8,0
"Willie Cauley-Stein",84,240,"Sacramento Kings",25,4696875,11.9,0.6,1.2,2.4,8.4,0.551,3.1,0.5,0,0.556,9.1,27.3,81,18,3.8,2.9,6.7,0.146,17.5,2,2.3
"Troy Caupain",76,210,"<Free Agent>",23,0,2.5,0,0.3,1,0.8,NA,0,0.667,0.8,0.5,2,4,4,30.7,0.1,0,0.1,0.347,21.8,8.9,0
"Tyler Cavanaugh",81,238,"<Free Agent>",24,0,0.8,0,0,0.1,0.7,1,0.2,0.2,0.5,0.3,0.9,3.5,11,5,0,0,0,0.026,13,-6.9,0
"Tyson Chandler",85,240,"Phoenix Suns",36,13585000,3.1,0.4,0.4,0.7,5.6,0.586,1.6,0,0,0.616,1.8,15.9,55,11.2,0.9,1.2,2.1,0.114,8.5,-1.3,0.2
"Wilson Chandler",81,225,"Los Angeles Clippers",31,12800562,6,0.4,0.5,1.6,4.2,0.72,0.5,0.373,3.1,0.418,5.4,23.1,51,8.5,0.5,1,1.5,0.062,11.8,-1,0.3
"Joe Chealey",75,190,"<Free Agent>",23,0,2,0,0,1,0,NA,0,NA,0,0.333,3,8,1,2,0,0,0,-0.08,16.2,-17.2,0
"Chris Chiozza",72,176,"Houston Rockets",23,90005,0.9,0.1,0.1,0.6,0.6,NA,0,0.4,0.7,0.25,1.1,4.7,7,7,0,0,0,0.023,11.8,-4.7,0
"Marquese Chriss",82,240,"Cleveland Cavaliers",21,3206160,4.2,0.3,0.4,0.5,3.3,0.711,1,0.222,1.7,0.372,4.2,11.6,43,9.2,-0.6,0.4,-0.2,-0.023,20.6,-6.2,-0.5
"Gary Clark",80,225,"<Free Agent>",24,0,2.9,0.5,0.4,0.4,2.3,1,0.1,0.297,2.7,0.331,3,12.6,51,9.2,0.3,0.7,1,0.071,10.9,-1.8,0
"Ian Clark",75,175,"New Orleans Pelicans",27,1757429,6.7,0.1,0.4,1.6,1.5,0.892,0.6,0.327,3.4,0.394,6.4,16.2,60,8.3,-0.4,0.3,-0.1,-0.003,19.3,-5.1,-0.8
"Jordan Clarkson",77,194,"Cleveland Cavaliers",26,12500000,16.8,0.2,0.7,2.4,3.3,0.844,2.4,0.324,5.5,0.448,14.6,27.3,81,16.8,1.9,-0.1,1.8,0.039,27.6,-2,0
"John Collins",82,235,"Atlanta Hawks",21,2299080,19.5,0.6,0.4,2,9.8,0.763,4.4,0.348,2.6,0.56,13.6,30,61,21.8,5,1,6,0.158,23.7,1.4,1.6
"Zach Collins",84,235,"Portland Trail Blazers",21,3628920,6.6,0.9,0.3,0.9,4.2,0.746,1.6,0.331,1.6,0.473,5.2,17.6,77,13.5,1.4,1.5,2.9,0.104,16.6,0.1,0.7
"Darren Collison",72,175,"Indiana Pacers",31,1e+07,11.2,0.1,1.4,6,3.1,0.832,2.5,0.407,2.6,0.467,8.7,28.2,76,16.7,3.9,2.9,6.8,0.153,17.7,1.2,1.8
"Bonzie Colson",78,224,"<Free Agent>",23,0,4.9,0.1,0.6,0.4,3.8,0.889,1.1,0.238,2.6,0.333,4.9,12.3,8,12.9,0,0.2,0.2,0.085,19.6,-4.3,-0.1
"Mike Conley",73,175,"Memphis Grizzlies",31,30521116,21.1,0.3,1.3,6.4,3.4,0.845,5.8,0.364,6.1,0.438,16,33.5,70,21.4,5.7,2.3,8,0.164,27.3,3.4,3.2
"Pat Connaughton",76,209,"Milwaukee Bucks",26,1641000,6.9,0.4,0.5,2,4.2,0.725,0.7,0.33,3.3,0.466,5.7,20.7,61,13.6,2,1.9,3.9,0.149,13.3,1.6,1.2
"Quinn Cook",74,179,"Golden State Warriors",25,1544951,6.9,0,0.3,1.6,2.1,0.769,0.4,0.405,2.7,0.465,5.9,14.3,74,13.1,1,0.8,1.8,0.082,20.2,-2.9,-0.2
"DeMarcus Cousins",83,270,"Golden State Warriors",28,5337000,16.3,1.5,1.3,3.6,8.2,0.736,4.8,0.274,3.2,0.48,12.4,25.7,30,21.4,0.9,1.5,2.4,0.151,28.1,3.6,1.1
"Robert Covington",81,225,"Minnesota Timberwolves",28,10464092,13.3,1.3,2.1,1.3,5.5,0.764,2.5,0.378,6.4,0.431,10.3,34.4,35,13.3,0.9,1.6,2.5,0.1,15.6,2.4,1.3
"Allen Crabbe",78,212,"Brooklyn Nets",26,18500000,9.6,0.3,0.5,1.1,3.4,0.732,1.3,0.378,6,0.367,8.7,26.3,43,7.7,-0.2,1,0.8,0.035,16.4,-2.5,-0.1
"Torrey Craig",79,215,"Denver Nuggets",28,2e+06,5.7,0.6,0.5,1,3.5,0.7,0.9,0.324,2.5,0.442,4.8,20,75,10.4,1.4,1.7,3,0.096,12.4,-0.1,0.7
"Jamal Crawford",77,185,"Atlanta Hawks",38,2304226,7.9,0.2,0.5,3.6,1.3,0.845,1.7,0.332,3.2,0.397,6.8,18.9,64,11.7,0.1,0,0.2,0.006,20.8,-6,-1.2
"Mitch Creek",77,216,"Brooklyn Nets",26,94742,4.2,0,0.4,1.2,2.4,0.714,1.4,0,0.4,0.5,3.2,9.6,5,20.2,0.1,0,0.2,0.196,17.6,1.7,0
"Jae Crowder",78,235,"Utah Jazz",28,7305825,11.9,0.4,0.8,1.7,4.8,0.721,2.5,0.331,6.5,0.399,10,27.1,80,12.1,1.3,3.1,4.4,0.097,19.1,0.4,1.3
"Dante Cunningham",80,230,"San Antonio Spurs",31,2500000,3,0.2,0.4,0.8,2.9,0.778,0.3,0.462,1,0.475,2.5,14.5,64,10.2,1,0.9,1.9,0.097,8.9,-0.1,0.4
"Seth Curry",74,185,"Portland Trail Blazers",28,2795000,7.9,0.2,0.5,0.9,1.6,0.846,0.7,0.45,3.4,0.456,6.3,18.9,74,11.4,1.5,0.9,2.4,0.082,16.6,-1.3,0.2
"Stephen Curry",75,190,"Golden State Warriors",30,37457154,27.3,0.4,1.3,5.2,5.3,0.916,4.2,0.437,11.7,0.472,19.4,33.8,69,24.4,7.2,2.5,9.7,0.199,30.4,6.3,4.9
"Troy Daniels",76,205,"Phoenix Suns",27,3258539,6.2,0.1,0.5,0.5,1.4,0.783,0.5,0.381,3.8,0.411,5.4,14.9,51,9.8,0.2,0.1,0.3,0.02,17.6,-4.4,-0.5
"Anthony Davis",82,253,"New Orleans Pelicans",25,25434263,25.9,2.4,1.6,3.9,12,0.794,7.7,0.331,2.6,0.517,18.3,33,56,30.3,6.4,3.1,9.5,0.247,29.5,8.5,4.9
"Deyonta Davis",83,237,"Sacramento Kings",22,1544951,4,0.6,0.3,0.6,4,0.6,1.1,0,0.1,0.682,2.4,13.1,9,15.6,0.3,0.1,0.4,0.145,10.1,-0.7,0
"Ed Davis",82,225,"Brooklyn Nets",29,4449000,5.8,0.4,0.4,0.8,8.6,0.617,2,0,0,0.616,3.7,17.9,81,17.3,3.3,2.5,5.7,0.191,12.7,0.4,0.9
"Dewayne Dedmon",84,245,"Atlanta Hawks",29,7200000,10.8,1.1,1.1,1.4,7.5,0.814,1.8,0.382,3.4,0.492,8.2,25.1,64,16,2.1,1.9,4,0.119,16.7,1.3,1.3
"Sam Dekker",81,230,"Washington Wizards",24,2760095,6.1,0.1,0.8,1,3.1,0.609,1,0.306,1.3,0.469,5.4,16.8,47,13.3,0.6,0.5,1,0.064,16.2,-2.3,-0.1
"Angel Delgado",82,245,"<Free Agent>",24,0,1.5,0,0.5,0,2,0.5,1,NA,0,0.2,2.5,7.5,2,4.3,0,0,0,-0.055,16.5,-12.7,0
"Matthew Dellavedova",76,200,"Cleveland Cavaliers",28,9607500,5.9,0,0.3,3.8,1.6,0.808,1.1,0.338,2.7,0.405,5,16.9,48,11.1,0.5,0,0.5,0.028,17.9,-5.5,-0.7
"Luol Deng",81,237,"Los Angeles Lakers",33,14354067,7.1,0.4,0.7,0.8,3.3,0.714,1.6,0.318,2,0.5,5.4,17.8,22,14.6,0.5,0.3,0.8,0.101,15.8,-0.6,0.1
"DeMar DeRozan",79,220,"San Antonio Spurs",29,27739975,21.2,0.5,1.1,6.2,6,0.83,5.7,0.156,0.6,0.481,17.1,34.9,77,19.6,3.6,2.6,6.3,0.112,27.9,0.9,2
"Marcus Derrickson",79,249,"<Free Agent>",22,0,4.2,0.1,0,0.1,1.2,0.8,0.5,0.5,1.8,0.485,3,6.1,11,19.4,0.2,0,0.2,0.155,24.4,-2.8,0
"Cheick Diallo",81,220,"New Orleans Pelicans",22,1544951,6,0.5,0.5,0.5,5.2,0.746,1,0.25,0.1,0.62,4.2,14,64,17.5,1.4,1.2,2.6,0.14,16,-1.6,0.1
"Hamidou Diallo",77,198,"Oklahoma City Thunder",20,838464,3.7,0.2,0.4,0.3,1.9,0.61,1.2,0.167,0.5,0.455,3.2,10.3,51,10.1,0.1,0.7,0.8,0.069,16.6,-4.7,-0.4
"Gorgui Dieng",83,252,"Minnesota Timberwolves",29,15170787,6.4,0.5,0.6,0.9,4.1,0.83,1.4,0.339,0.7,0.501,5,13.6,76,18.1,1.5,1.3,2.8,0.132,19.6,0.5,0.7
"Spencer Dinwiddie",78,210,"Brooklyn Nets",25,1656092,16.8,0.3,0.6,4.6,2.4,0.806,5.2,0.335,5.4,0.442,12.2,28.1,68,16.3,3.5,1.4,4.8,0.121,24.9,-0.2,0.8
"Donte DiVincenzo",76,203,"Milwaukee Bucks",22,2481000,4.9,0.2,0.5,1.1,2.4,0.75,0.4,0.265,3.1,0.403,4.6,15.2,27,9.1,0,0.6,0.6,0.069,15.1,-1.8,0
"Luka Doncic",79,218,"Dallas Mavericks",19,6560640,21.2,0.3,1.1,6,7.8,0.713,6.7,0.327,7.1,0.427,16.5,32.2,72,19.6,2.1,2.8,4.9,0.101,30.5,4.1,3.6
"Tyler Dorsey",77,183,"Memphis Grizzlies",22,1378242,6.2,0,0.3,1.2,2.4,0.623,1.3,0.333,2.8,0.405,5.5,14.5,48,11.2,0.2,0.4,0.6,0.043,19.7,-3.8,-0.3
"Damyean Dotson",78,210,"New York Knicks",24,1378242,10.7,0.1,0.8,1.8,3.6,0.745,1.3,0.368,4.7,0.415,9.6,27.5,73,10.8,0.7,0.9,1.5,0.037,17.3,-2.3,-0.2
"PJ Dozier",78,205,"<Free Agent>",22,0,3.2,0,0.3,0.8,2.8,0.5,0.3,0.25,1.3,0.381,3.5,8.5,6,16,0.1,0.1,0.1,0.125,18.5,-1.1,0
"Goran Dragic",75,190,"Miami Heat",32,18109175,13.7,0.1,0.8,4.8,3.1,0.782,2.8,0.348,4.6,0.413,12,27.5,36,13.9,0.6,1,1.6,0.079,23.7,-1.2,0.2
"Andre Drummond",83,279,"Detroit Pistons",25,25434263,17.3,1.7,1.7,1.4,15.6,0.59,5.2,0.132,0.5,0.533,13.3,33.5,79,23.4,4.1,5.9,10,0.181,22.9,2.9,3.3
"Jared Dudley",79,237,"Brooklyn Nets",33,9530000,4.9,0.3,0.6,1.4,2.6,0.696,0.8,0.351,2.6,0.423,4.1,20.7,59,7.8,0.6,1.2,1.8,0.07,10.4,-0.7,0.4
"Kris Dunn",76,205,"Chicago Bulls",24,4221000,11.3,0.5,1.5,6,4.1,0.797,1.5,0.354,2.1,0.425,11,30.2,46,12.4,-0.5,1.2,0.6,0.022,20.1,-1.8,0.1
"Kevin Durant",81,240,"Golden State Warriors",30,3e+07,26,1.1,0.7,5.9,6.4,0.885,6.5,0.353,5,0.521,17.7,34.6,78,24.2,8.6,2.9,11.5,0.204,29,4.3,4.3
"Trevon Duval",74,189,"<Free Agent>",20,0,1.7,0,0,0.7,0.3,NA,0,1,0.3,0.667,1,2,3,38.3,0.1,0,0.1,0.537,20.9,9.7,0
"Vince Edwards",80,225,"<Free Agent>",22,0,1.5,0,0,0,1,NA,0,0.25,2,0.25,2,8,2,3.8,0,0,0,-0.014,10.9,-9.8,0
"Henry Ellenson",83,245,"Detroit Pistons",22,1857480,6,0.1,0.4,0.8,3.5,0.76,1.3,0.447,2,0.411,5,13.6,19,13.1,0.2,0.2,0.4,0.077,19,-4,-0.1
"Wayne Ellington",77,200,"Phoenix Suns",31,6270000,10.3,0.1,1,1.4,2,0.796,0.9,0.371,7,0.403,8.6,24.5,53,11.8,1.3,1.4,2.6,0.097,17.2,0.2,0.7
"Joel Embiid",84,250,"Philadelphia 76ers",24,25467250,27.5,1.9,0.7,3.7,13.6,0.804,10.1,0.3,4.1,0.484,18.7,33.7,64,26.1,4.9,3.8,8.7,0.194,33.3,4.1,3.3
"James Ennis",79,210,"Philadelphia 76ers",28,1621415,6.7,0.4,0.7,0.7,3.1,0.716,1.4,0.353,2.7,0.469,5.1,21.2,58,11,1.6,1,2.6,0.103,12.7,-0.7,0.4
"Drew Eubanks",82,245,"<Free Agent>",21,0,1.8,0.2,0.1,0.3,1.5,0.846,0.6,NA,0,0.577,1.1,4.9,23,15.1,0.1,0.2,0.3,0.12,15.5,-2.3,0
"Jacob Evans",78,210,"Golden State Warriors",21,1644240,1.3,0.1,0.2,0.8,0.8,0,0,0.267,0.5,0.34,1.8,6.8,30,3.5,-0.3,0.2,-0.1,-0.03,13.5,-6.9,-0.3
"Jawun Evans",72,185,"Los Angeles Clippers",22,1378242,0.8,0,0.4,1.3,1.5,NA,0,0,0.4,0.214,1.8,8.1,8,0.1,-0.2,0,-0.2,-0.151,13.2,-10.5,-0.1
"Tyreke Evans",78,220,"Indiana Pacers",29,12400000,10.2,0.3,0.8,2.4,2.9,0.719,2.3,0.356,3.1,0.389,9.6,20.3,69,11.5,-1.7,2,0.3,0.01,26.4,-3.6,-0.6
"Dante Exum",78,190,"Utah Jazz",23,9600000,6.9,0.1,0.3,2.6,1.6,0.791,2,0.29,1.5,0.419,5.7,15.8,42,11.2,0.2,0.7,1,0.069,21.3,-4,-0.3
"Kenneth Faried",80,220,"Brooklyn Nets",29,13764045,10.4,0.6,0.5,0.5,6.8,0.646,2.7,0.32,0.7,0.589,7.2,19.7,37,21.6,2.1,0.9,2.9,0.193,20.3,-1.2,0.2
"Derrick Favors",82,265,"Utah Jazz",27,16900000,11.8,1.4,0.7,1.2,7.4,0.675,3,0.218,1,0.586,8.1,23.2,76,21.8,4.4,3.5,7.9,0.215,19.4,4.3,2.8
"Cristiano Felicio",82,265,"Chicago Bulls",26,8470980,4,0.1,0.2,0.6,3.6,0.685,1.2,0,0.1,0.531,3,12.4,60,13.4,0.9,0.4,1.4,0.088,14.3,-3.5,-0.3
"Raymond Felton",73,205,"Oklahoma City Thunder",34,2393887,4.3,0.2,0.3,1.6,1,0.923,0.4,0.328,1.8,0.407,4.1,11.5,33,11.2,0.3,0.4,0.7,0.087,16.6,-4.2,-0.2
"Terrance Ferguson",79,190,"Oklahoma City Thunder",20,2118840,6.9,0.2,0.5,1,1.9,0.725,0.7,0.366,3.9,0.429,5.8,26.1,74,6.4,1.2,1.6,2.8,0.07,10.6,-1.9,0
"Yogi Ferrell",72,180,"Sacramento Kings",25,3e+06,5.9,0.1,0.5,1.9,1.5,0.896,0.9,0.362,2.1,0.435,5,15,71,12.7,1.3,0.6,1.9,0.087,16.3,-2.3,-0.1
"Dorian Finney-Smith",80,220,"Dallas Mavericks",25,1544951,7.5,0.4,0.9,1.2,4.8,0.709,1.3,0.311,3.1,0.432,6.5,24.5,81,11,1.2,2,3.3,0.079,14,0.2,1.1
"Bryn Forbes",75,190,"San Antonio Spurs",25,3125000,11.8,0,0.5,2.1,2.9,0.885,1,0.426,5,0.456,9.6,28,82,12,2.5,1.3,3.8,0.079,17.4,-0.7,0.7
"Evan Fournier",79,205,"Orlando Magic",26,1.7e+07,15.1,0.1,0.9,3.6,3.2,0.806,2.1,0.34,5.6,0.438,13.2,31.5,81,12.3,0.8,2.5,3.2,0.061,22.1,-1.5,0.3
"De'Aaron Fox",75,175,"Sacramento Kings",21,5470920,17.3,0.6,1.6,7.3,3.8,0.727,5.1,0.371,2.9,0.458,13.6,31.4,81,18.1,3.2,2.5,5.6,0.106,24.5,1.1,2
"Melvin Frazier",78,200,"Orlando Magic",22,1050000,1.5,0,0.1,0.1,0.5,0.25,0.4,0,0.6,0.333,2.1,4.4,10,1.2,-0.2,0,-0.1,-0.133,23.5,-12.9,-0.1
"Tim Frazier",73,170,"New Orleans Pelicans",28,1621415,5.3,0.1,0.5,4.2,2.8,0.759,0.9,0.366,1.7,0.444,4.4,19,59,11.7,1.3,0.7,2,0.084,13.3,-2.3,-0.1
"Jimmer Fredette",74,195,"Phoenix Suns",29,198580,3.7,0,0.5,1.3,1.2,1,1,0,2.2,0.276,4.8,10.8,6,3.6,-0.2,0,-0.2,-0.166,24.2,-11.1,-0.1
"Channing Frye",84,255,"Cleveland Cavaliers",35,2393887,3.6,0.1,0.2,0.6,1.4,0.786,0.4,0.405,2.2,0.368,3.3,9.5,36,8.9,0.1,0,0.1,0.016,17.5,-4.8,-0.2
"Markelle Fultz",76,200,"Orlando Magic",20,8339880,8.2,0.3,0.9,3.1,3.7,0.568,1.9,0.286,0.7,0.419,8.2,22.5,19,10.5,-0.1,0.4,0.3,0.035,19.3,-3.1,-0.1
"Danilo Gallinari",82,225,"Los Angeles Clippers",30,21587579,19.8,0.3,0.7,2.6,6.1,0.904,6,0.433,5.5,0.463,13,30.3,68,21,6.4,1.8,8.2,0.191,23.8,2.9,2.6
"Langston Galloway",74,200,"Detroit Pistons",27,7e+06,8.4,0.1,0.5,1.1,2.1,0.844,1.2,0.355,4.8,0.388,7.3,21.8,80,10.7,2.1,1.3,3.4,0.094,16.1,-1.3,0.3
"Billy Garrett",78,213,"<Free Agent>",24,0,6.5,0.3,0.3,1.8,0.8,1,1,0,2,0.407,6.8,15.8,4,9.8,0,0,0,-0.019,20.9,-8.4,-0.1
"Marc Gasol",85,255,"Toronto Raptors",34,24119025,13.6,1.1,1.1,4.4,7.9,0.759,3.2,0.363,3.5,0.448,11,30.8,79,16.7,2,4,6,0.118,20.7,2.8,3
"Pau Gasol",84,250,"San Antonio Spurs",38,15100000,3.9,0.5,0.2,1.7,4.6,0.7,1.3,0.462,0.4,0.447,3.1,12,30,16.7,0.5,0.5,1.1,0.142,15.6,0.6,0.2
"Rudy Gay",80,230,"San Antonio Spurs",32,10087200,13.7,0.5,0.8,2.6,6.8,0.816,2.1,0.402,2.7,0.504,10.8,26.7,69,17.5,2.2,2.2,4.4,0.115,22.1,1,1.4
"Paul George",81,220,"Oklahoma City Thunder",28,30560700,28,0.4,2.2,4.1,8.2,0.839,7,0.386,9.8,0.438,21,36.9,77,23.3,7,4.9,11.9,0.201,29.5,5.5,5.3
"Taj Gibson",81,232,"Minnesota Timberwolves",33,1.4e+07,10.8,0.6,0.8,1.2,6.5,0.757,2.5,0.324,0.5,0.566,7.7,24.1,70,17.8,3.7,1.4,5.1,0.144,17.2,1,1.3
"Harry Giles",82,240,"Sacramento Kings",20,2207040,7,0.4,0.5,1.5,3.8,0.637,1.6,0,0.1,0.503,6,14.1,58,14.4,0,1,1,0.056,23.2,-2.1,0
"Shai Gilgeous-Alexander",78,181,"Los Angeles Clippers",20,3375360,10.8,0.5,1.2,3.3,2.8,0.8,2.4,0.367,1.7,0.476,8.7,26.5,82,13.4,1.5,1.9,3.3,0.074,18.3,-0.3,0.9
"Rudy Gobert",85,245,"Utah Jazz",26,23241573,15.9,2.3,0.8,2,12.9,0.636,6.4,NA,0,0.669,8.8,31.8,81,24.6,8.7,5.7,14.4,0.268,17.8,7,5.9
"Brandon Goodwin",74,180,"<Free Agent>",23,0,1.4,0,0,0.9,0.2,0.818,0.7,0.333,0.4,0.261,1.4,3.6,16,8.3,0,0,0,0.021,23.1,-10.9,-0.1
"Aaron Gordon",81,220,"Orlando Magic",23,21590909,16,0.7,0.7,3.7,7.4,0.731,3.2,0.349,4.4,0.449,13.4,33.8,78,15.1,1.8,3.3,5.1,0.093,21.8,1,2
"Eric Gordon",76,215,"Houston Rockets",30,13500375,16.2,0.4,0.6,1.9,2.2,0.783,2.2,0.36,8.8,0.409,13.8,31.7,68,12.2,1.7,1,2.6,0.059,22,-2.9,-0.5
"Marcin Gortat",83,240,"Los Angeles Clippers",34,13565218,5,0.5,0.1,1.4,5.6,0.729,1,NA,0,0.532,4,16,47,12.8,0.6,0.8,1.4,0.089,14.4,-1.1,0.2
"Devonte' Graham",74,185,"Charlotte Hornets",23,988464,4.7,0,0.5,2.6,1.4,0.761,1,0.281,2.6,0.343,4.7,14.7,46,10.3,0.2,0.3,0.5,0.035,17,-4.3,-0.4
"Treveon Graham",77,225,"Brooklyn Nets",25,1512601,5.3,0.2,0.4,1,3.1,0.818,0.6,0.297,3.7,0.335,5.5,20.4,35,6.1,-0.1,0.6,0.5,0.033,12.8,-2.9,-0.2
"Jerami Grant",81,220,"Oklahoma City Thunder",24,8653847,13.6,1.3,0.8,1,5.2,0.71,2.8,0.392,3.7,0.497,10.3,32.7,80,13.8,4,3.3,7.3,0.134,15.4,0.3,1.5
"Jerian Grant",76,205,"Orlando Magic",26,2639314,4.2,0.1,0.7,2.6,1.6,0.65,0.7,0.364,1.8,0.418,3.7,15.7,60,10.8,0.5,1.1,1.7,0.085,13.4,-2,0
"Donte Grantham",80,215,"<Free Agent>",23,0,0,0,0,0,0,NA,0,0,0.7,0,0.7,0.7,3,-38.1,0,0,0,-0.946,40.7,-38.9,0
"Danny Green",78,215,"Toronto Raptors",31,1e+07,10.3,0.7,0.9,1.6,4,0.841,0.6,0.455,5.4,0.465,7.9,27.7,80,13,3,2.9,5.9,0.128,14.1,2.9,2.7
"Draymond Green",79,230,"Golden State Warriors",28,17469565,7.4,1.1,1.4,6.9,7.3,0.692,1.4,0.285,2.5,0.445,6.4,31.3,66,12.9,1.1,3.2,4.3,0.1,13.1,2,2.1
"Gerald Green",79,205,"Houston Rockets",33,2393887,9.2,0.4,0.5,0.5,2.5,0.838,0.9,0.354,6,0.4,7.9,20.2,73,11.4,0.9,1,1.9,0.061,19.5,-3.4,-0.5
"JaMychal Green",81,227,"Los Angeles Clippers",28,7866667,9.4,0.5,0.7,0.8,6.3,0.792,1.6,0.403,2.7,0.483,7.3,21.1,65,14.7,0.9,1.9,2.9,0.101,19.4,-1.5,0.2
"Jeff Green",81,235,"Washington Wizards",32,2393887,12.3,0.5,0.6,1.8,4,0.888,2.7,0.347,4.2,0.475,8.9,27.2,77,13.6,2.8,0.8,3.6,0.083,17.8,-1.2,0.4
"Blake Griffin",82,250,"Detroit Pistons",29,32088932,24.5,0.4,0.7,5.4,7.5,0.753,7.3,0.362,7,0.462,17.9,35,75,21,5.1,2.9,8,0.147,30.2,4.6,4.4
"Daniel Hamilton",79,195,"Atlanta Hawks",23,1349383,3,0.1,0.3,1.2,2.5,0.5,0.3,0.348,1.2,0.383,3.2,10.7,19,7.1,-0.2,0.1,-0.1,-0.024,15.7,-5.8,-0.2
"Dusty Hannahs",75,210,"Memphis Grizzlies",25,47371,4,0,0.5,2.5,0.5,1,1,0,2.5,0.25,6,13,2,4.5,-0.1,0,-0.1,-0.125,23.9,-12.2,-0.1
"Tim Hardaway Jr.",78,205,"Dallas Mavericks",26,17325000,18.1,0.1,0.8,2.4,3.4,0.841,4.2,0.34,7.3,0.393,15.3,31.6,65,13.6,1,0.9,1.8,0.043,25.4,-2.4,-0.2
"James Harden",77,220,"Houston Rockets",29,30431854,36.1,0.7,2,7.5,6.6,0.879,11,0.368,13.2,0.442,24.5,36.8,78,30.6,11.4,3.8,15.2,0.254,40.5,11.7,9.9
"Maurice Harkless",81,220,"Portland Trail Blazers",25,10837079,7.7,0.9,1.1,1.2,4.5,0.671,1.2,0.275,2,0.487,6.5,23.6,60,13.2,1.5,1.9,3.4,0.114,13.9,2.2,1.5
"Montrezl Harrell",80,240,"Los Angeles Clippers",25,6e+06,16.6,1.3,0.9,2,6.5,0.643,5,0.176,0.2,0.615,10.8,26.3,82,23.4,6.1,2.6,8.7,0.193,23.5,4.2,3.4
"Devin Harris",75,185,"Dallas Mavericks",35,2393887,6.3,0.2,0.5,1.8,1.6,0.761,2,0.31,2.9,0.38,5.1,15.8,68,10.7,0.6,0.9,1.5,0.068,18.5,-2.2,-0.1
"Gary Harris",76,210,"Denver Nuggets",24,16517857,12.9,0.3,1,2.2,2.8,0.799,2.5,0.339,4.2,0.424,11.2,28.8,57,12.2,1.1,1.5,2.6,0.076,20,-1.8,0.1
"Joe Harris",78,218,"Brooklyn Nets",27,8333333,13.7,0.2,0.5,2.4,3.8,0.827,1.8,0.474,5.1,0.5,9.8,30.2,76,13.5,3.8,1.7,5.5,0.116,17,1,1.7
"Tobias Harris",81,235,"Philadelphia 76ers",26,14800000,20,0.5,0.6,2.8,7.9,0.866,3.7,0.397,4.8,0.487,15.3,34.7,82,17.2,4.5,2.6,7.1,0.12,22.8,0.5,1.8
"Andrew Harrison",78,213,"Memphis Grizzlies",24,2e+05,3.2,0.1,0.2,1.4,1.2,0.944,1.1,0.2,1.5,0.302,3.1,11,17,5.8,-0.1,0,-0.1,-0.027,16.8,-6.6,-0.2
"Shaquille Harrison",76,190,"Phoenix Suns",25,50000,6.5,0.4,1.2,1.9,3,0.667,1.7,0.27,1.2,0.432,5.8,19.6,73,12.4,-0.1,1.6,1.4,0.048,16.5,-1.3,0.2
"Josh Hart",77,215,"Los Angeles Lakers",23,1655160,7.8,0.6,1,1.4,3.7,0.688,1.2,0.336,4.1,0.407,6.9,25.6,67,9.3,0.2,1.9,2.1,0.059,13.5,-0.7,0.6
"Isaiah Hartenstein",84,249,"Houston Rockets",20,838464,1.9,0.4,0.3,0.5,1.7,0.786,0.5,0.333,0.2,0.488,1.5,7.9,28,10,0.2,0.3,0.5,0.101,11.8,-0.6,0.1
"Udonis Haslem",80,235,"Miami Heat",38,2393887,2.5,0,0,0.2,2.7,0.75,0.4,0,1.2,0.333,3.3,7.4,10,3.6,-0.2,0.1,-0.1,-0.075,21.9,-14.1,-0.2
"Gordon Hayward",80,225,"Boston Celtics",28,31214295,11.5,0.3,0.9,3.4,4.5,0.834,2.6,0.333,3.2,0.466,8.8,25.9,72,15.6,2.6,2.3,4.9,0.126,19,0.5,1.2
"John Henson",83,219,"Cleveland Cavaliers",28,11327466,5.6,0.8,0.5,1,5.1,0.6,0.7,0.355,2.2,0.463,4.8,13.4,14,17.1,0.1,0.4,0.6,0.146,18.6,1.3,0.2
"Juan Hernangomez",81,230,"Denver Nuggets",23,2166360,5.8,0.3,0.4,0.8,3.8,0.767,1.2,0.365,2.6,0.439,4.5,19.4,70,11,1.6,1.4,3,0.105,12.2,-0.9,0.4
"Willy Hernangomez",83,240,"Charlotte Hornets",24,1544951,7.3,0.3,0.3,1,5.4,0.694,2.5,0.385,0.7,0.519,5.1,14,58,20.4,1.8,0.8,2.6,0.153,22.1,-0.2,0.4
"Mario Hezonja",80,225,"New York Knicks",23,6500000,8.8,0.1,1,1.5,4.1,0.763,2,0.276,2.6,0.412,8,20.8,58,10.8,-1.1,1.1,-0.1,-0.003,21.3,-4,-0.6
"Isaiah Hicks",81,230,"<Free Agent>",24,0,4,1,0.3,0.7,2.3,0.8,1.7,NA,0,0.5,2.7,10.7,3,17.4,0.1,0,0.1,0.153,15,0.6,0
"Buddy Hield",76,214,"Sacramento Kings",26,3833760,20.7,0.4,0.7,2.5,5,0.886,2.4,0.427,7.9,0.458,16.6,31.9,82,17.5,4.3,1.6,5.9,0.108,25.1,1.1,2.1
"Haywood Highsmith",79,220,"<Free Agent>",22,0,1.8,0,0.2,0.4,1,0,0.4,0.2,1,0.4,2,8,5,4.5,0,0,0,-0.023,12.4,-7.3,-0.1
"Nene",83,250,"Houston Rockets",36,3651480,3.6,0.4,0.4,0.6,2.9,0.66,1.1,0,0.1,0.517,2.8,13,42,11.9,0.8,0.6,1.4,0.123,11.7,-2,0
"George Hill",75,188,"Milwaukee Bucks",32,1.9e+07,7.6,0.1,0.9,2.3,2.5,0.824,1.4,0.314,2.6,0.452,6.3,21.7,60,12.1,1.5,1.3,2.8,0.103,15.1,-1,0.3
"Solomon Hill",79,225,"New Orleans Pelicans",27,12252928,4.3,0.2,0.5,1.3,3,0.719,0.7,0.317,2.3,0.382,4,20,44,6.8,0.1,0.4,0.5,0.029,10.4,-2.3,-0.1
"Aaron Holiday",73,185,"Indiana Pacers",22,1911960,5.9,0.3,0.4,1.7,1.3,0.82,1,0.339,2.5,0.401,5.2,12.9,50,11.9,0.1,0.8,0.9,0.065,21.9,-2.6,-0.1
"Jrue Holiday",76,205,"New Orleans Pelicans",28,25976111,21.2,0.8,1.6,7.7,5,0.768,4,0.325,5.4,0.472,17.3,35.9,67,19.4,3.5,1.9,5.4,0.108,25.4,2.8,2.9
"Justin Holiday",78,181,"Memphis Grizzlies",29,4384616,10.5,0.4,1.5,1.8,3.9,0.896,1.3,0.348,5.7,0.386,9.5,31.8,82,10,-0.4,2.5,2.1,0.038,15.7,-0.8,0.8
"Rondae Hollis-Jefferson",79,217,"Brooklyn Nets",24,2470357,8.9,0.5,0.7,1.6,5.3,0.645,3.1,0.184,0.8,0.411,8.3,20.9,59,12.5,-0.5,1.7,1.2,0.047,21.6,-3,-0.3
"Richaun Holmes",82,235,"Phoenix Suns",25,1600520,8.2,1.1,0.6,0.9,4.7,0.731,2.5,NA,0,0.608,5.2,16.9,70,20.7,3.1,1.1,4.3,0.173,17.9,1.4,1
"Rodney Hood",80,206,"Portland Trail Blazers",26,3472887,11.2,0.2,0.8,1.8,2.2,0.884,2.2,0.356,3.3,0.435,9.3,26.3,72,12.3,2.1,0.5,2.6,0.065,18.1,-2.4,-0.2
"Al Horford",82,245,"Boston Celtics",32,28928710,13.6,1.3,0.9,4.2,6.7,0.821,1.4,0.36,3,0.535,10.6,29,68,20.2,4.5,2.9,7.5,0.181,18.9,4.8,3.4
"Danuel House",79,220,"<Free Agent>",25,0,9.4,0.3,0.5,1,3.6,0.789,1.8,0.416,4.6,0.468,6.5,25.1,39,12.2,1.6,0.7,2.3,0.113,14.1,-0.6,0.3
"Dwight Howard",83,265,"Washington Wizards",33,5337000,12.8,0.4,0.8,0.4,9.2,0.604,5.3,NA,0,0.623,7.7,25.6,9,17.4,0.4,0.2,0.6,0.124,19.6,-5.2,-0.2
"Kevin Huerter",79,190,"Atlanta Hawks",20,2250960,9.7,0.3,0.9,2.9,3.3,0.732,0.7,0.385,4.7,0.419,8.8,27.3,75,10.1,0.7,0.7,1.5,0.034,15.7,-1.9,0.1
"Isaac Humphries",84,255,"Atlanta Hawks",21,47371,3,0,0.2,0,2.2,NA,0,0.273,2.2,0.286,4.2,11.2,5,3.4,-0.1,0,-0.1,-0.047,15.2,-12.8,-0.2
"R.J. Hunter",77,185,"<Free Agent>",25,0,17,0,1,3,3,0.5,2,0.4,10,0.462,13,26,1,21.5,0.1,0,0.1,0.226,23,3.4,0
"Chandler Hutchison",79,197,"Chicago Bulls",22,1991520,5.2,0.1,0.5,0.8,4.2,0.605,0.9,0.28,1.1,0.459,4.8,20.3,44,8.8,0,0.6,0.6,0.03,12.2,-4.3,-0.5
"Serge Ibaka",82,235,"Toronto Raptors",29,21666667,15,1.4,0.4,1.3,8.1,0.763,2.4,0.29,2.3,0.529,11.9,27.2,74,18.7,2.8,3.3,6.1,0.146,22.9,0.5,1.3
"Andre Iguodala",78,215,"Golden State Warriors",35,1.6e+07,5.7,0.8,0.9,3.2,3.7,0.582,1,0.333,2.1,0.5,4.4,23.2,68,13.1,2.4,1.8,4.2,0.129,10.4,1.9,1.6
"Ersan Ilyasova",82,235,"Milwaukee Bucks",31,7e+06,6.8,0.3,0.5,0.8,4.5,0.824,1.1,0.363,2.4,0.438,5.7,18.4,67,11.6,1.2,1.9,3,0.119,15.7,-1.3,0.2
"Joe Ingles",80,226,"Utah Jazz",31,13045455,12.1,0.2,1.2,5.7,4,0.707,1.5,0.391,5.9,0.448,9.8,31.3,82,13.4,2.5,3.6,6,0.113,17.5,1.8,2.5
"Andre Ingram",75,190,"Los Angeles Lakers",33,76236,0,0,0.3,0,0.5,NA,0,0,0.8,0,1.5,3.8,4,-11.9,-0.1,0,-0.1,-0.408,19.3,-19.9,-0.1
"Brandon Ingram",81,190,"Los Angeles Lakers",21,5757120,18.3,0.6,0.5,3,5.1,0.675,5.6,0.33,1.8,0.497,14,33.8,52,13.4,0.6,1.4,2,0.055,23.2,-2.8,-0.3
"Kyrie Irving",75,193,"Boston Celtics",26,20099189,23.8,0.5,1.5,6.9,5,0.873,3.7,0.401,6.5,0.487,18.5,33,67,24.3,6.2,2.9,9.1,0.197,29.6,6.4,4.7
"Jonathan Isaac",82,210,"Orlando Magic",21,4969080,9.6,1.3,0.8,1.1,5.5,0.815,1.8,0.323,3.5,0.429,8.1,26.6,75,13,0.9,3.1,4,0.096,16.3,0.1,1.1
"Wesley Iwundu",79,195,"Orlando Magic",24,1378242,5,0.3,0.4,1.1,2.7,0.816,1.5,0.367,1.2,0.412,4,18.1,68,8.7,0.5,1.4,1.9,0.073,12.8,-2.7,-0.2
"Demetrius Jackson",73,201,"Boston Celtics",24,92857,3.7,0,0.3,0.8,0.5,1,0.7,0.333,1,0.533,2.5,6.5,6,21,0.2,0,0.2,0.231,19.1,1,0
"Frank Jackson",75,205,"New Orleans Pelicans",20,1378242,8.1,0,0.4,1.1,2.2,0.74,1.2,0.314,2.8,0.434,7.3,19.2,61,9.4,0.1,0.4,0.4,0.018,18.5,-5,-0.9
"Jaren Jackson Jr.",83,242,"Memphis Grizzlies",19,5915040,13.8,1.4,0.9,1.1,4.7,0.766,3.4,0.359,2.4,0.506,10.2,26.1,58,16.4,1.2,2.2,3.3,0.105,22.8,0.1,0.8
"Josh Jackson",80,200,"Phoenix Suns",21,6041520,11.5,0.7,0.9,2.3,4.4,0.671,2.7,0.324,2.8,0.413,10.6,25.2,79,10.6,-2.8,1.1,-1.7,-0.04,23.9,-4.8,-1.4
"Justin Jackson",80,210,"Dallas Mavericks",23,2807880,7.2,0.2,0.4,1.2,2.6,0.785,1,0.355,3,0.447,6,19.9,81,11.3,2,0.9,2.9,0.086,14.3,-1.6,0.2
"Reggie Jackson",75,208,"Detroit Pistons",28,17043478,15.4,0.1,0.7,4.2,2.6,0.864,2.9,0.369,5.7,0.421,12.8,27.9,82,15.2,3.1,1.9,5,0.105,24.5,-0.3,1
"LeBron James",80,250,"Los Angeles Lakers",34,35654150,27.4,0.6,1.3,8.3,8.5,0.665,7.6,0.339,5.9,0.51,19.9,35.2,55,25.6,4.7,2.6,7.2,0.179,31.6,8.1,4.9
"Amile Jefferson",81,222,"<Free Agent>",25,0,2.3,0.3,0.3,0.3,1.8,0.875,0.7,NA,0,0.625,1.3,5.7,12,21.1,0.2,0.1,0.4,0.258,13.1,2.1,0.1
"John Jenkins",76,215,"Washington Wizards",27,99290,4.7,0.1,0,0.8,1.4,0.833,0.7,0.379,2.2,0.4,4,12.8,26,9.7,0.2,0,0.2,0.031,15.7,-5.2,-0.3
"Jonas Jerebko",82,231,"Golden State Warriors",31,2165481,6.3,0.2,0.4,1.3,3.9,0.8,1.1,0.367,2.6,0.459,4.9,16.7,73,13.5,2.1,1.2,3.3,0.13,15.2,0,0.6
"Alize Johnson",81,212,"Indiana Pacers",22,838464,0.9,0.2,0.1,0.1,1.4,0.5,0.6,0.5,0.1,0.25,1.1,4.6,14,6.3,-0.1,0.1,0,0.027,13.3,-8.1,-0.1
"Amir Johnson",81,240,"Philadelphia 76ers",31,2393887,3.9,0.3,0.3,1.2,2.9,0.756,0.8,0.3,0.8,0.503,3.1,10.4,51,13.1,0.4,0.7,1.1,0.098,17.4,-0.7,0.2
"B.J. Johnson",79,200,"Atlanta Hawks",23,94742,3.3,0,0.3,0,1.1,1,0.3,0.429,1,0.5,2.6,7,7,12.8,0,0,0.1,0.066,17.4,-8.5,-0.1
"James Johnson",80,240,"Miami Heat",31,14651700,7.8,0.5,0.6,2.5,3.2,0.714,1.3,0.336,2.7,0.433,6.9,21.2,55,10.9,0,1.5,1.5,0.062,17.8,-1.6,0.1
"Stanley Johnson",79,245,"New Orleans Pelicans",22,3940402,6.9,0.2,0.9,1.3,3.3,0.781,1,0.288,3.3,0.389,6.7,18.3,66,9.6,-1.1,1.6,0.5,0.021,19.4,-2.6,-0.2
"Tyler Johnson",76,190,"Phoenix Suns",26,19245370,10.9,0.5,0.9,2.9,3,0.748,2.2,0.346,4.6,0.413,9.2,26.8,57,12.4,0.9,1.4,2.3,0.071,18.5,-1,0.4
"Wesley Johnson",79,215,"Washington Wizards",31,6134520,3.4,0.3,0.4,0.6,1.9,0.684,0.5,0.329,2,0.352,3.4,14.1,38,5.5,-0.3,0.3,0,0.001,12,-4.3,-0.3
"Nikola Jokic",84,250,"Denver Nuggets",23,24605181,20.1,0.7,1.4,7.3,10.8,0.821,4.4,0.307,3.4,0.511,15.1,31.3,80,26.3,7.5,4.3,11.8,0.226,27.4,9.5,7.3
"Damian Jones",84,245,"Golden State Warriors",23,1544951,5.4,1,0.5,1.2,3.1,0.649,1.5,NA,0,0.716,3.1,17.1,24,15.3,1,0.5,1.5,0.173,11.1,3,0.5
"Derrick Jones Jr.",79,200,"Miami Heat",21,1512601,7,0.7,0.8,0.6,4,0.607,2,0.308,1.5,0.494,5.4,19.2,60,14,1.2,1.7,2.9,0.121,15.6,0.2,0.6
"Jemerrio Jones",77,174,"<Free Agent>",23,0,4.5,0.8,1.2,2.2,8.2,0.5,0.3,0.2,1.7,0.364,5.5,23.8,6,12.1,0,0.2,0.2,0.084,11.3,0.8,0.1
"Terrence Jones",81,252,"Houston Rockets",27,198580,1,0,0,0,2,0,0.5,0,1,0.25,2,2.5,2,-15.8,-0.1,0,-0.1,-0.661,47.2,-52.3,-0.1
"Tyus Jones",74,196,"Minnesota Timberwolves",22,2444053,6.9,0.1,1.2,4.8,2,0.841,1,0.317,1.9,0.415,6.6,22.9,68,13.7,2.1,0.9,3,0.091,14.1,-1.8,0.1
"DeAndre Jordan",83,265,"New York Knicks",30,22900000,11,1.1,0.6,2.3,13.1,0.705,3.8,NA,0,0.641,6.5,29.7,69,19,4,3.1,7.1,0.167,15,2.4,2.3
"Cory Joseph",75,193,"Indiana Pacers",27,7945000,6.5,0.3,1.1,3.9,3.4,0.698,0.5,0.322,2.1,0.412,6.7,25.2,82,11,0.5,2.9,3.5,0.081,13.7,-0.5,0.8
"Frank Kaminsky",84,242,"Charlotte Hornets",25,3627842,8.6,0.3,0.3,1.3,3.5,0.738,2.3,0.36,3,0.463,6.3,16.1,47,16.8,1.3,0.5,1.8,0.114,22.1,-0.9,0.2
"Enes Kanter",83,250,"New York Knicks",26,18622514,13.7,0.4,0.5,1.7,9.8,0.787,2.9,0.294,0.5,0.549,10.2,24.5,67,22.3,3.9,1.6,5.4,0.159,23.1,1.3,1.4
"Luke Kennard",77,206,"Detroit Pistons",22,3275280,9.7,0.2,0.4,1.8,2.9,0.836,1,0.394,4.3,0.438,8.3,22.8,63,11.9,1.3,1.3,2.5,0.085,18.1,-1.5,0.2
"Michael Kidd-Gilchrist",79,232,"Charlotte Hornets",25,1.3e+07,6.7,0.6,0.5,1,3.8,0.772,1.9,0.34,0.7,0.476,5.2,18.4,64,13.3,1.5,1,2.5,0.1,15.7,-1.3,0.2
"George King",78,225,"<Free Agent>",25,0,0,0,0,0,1,NA,0,NA,0,NA,0,6,1,1.9,0,0,0,-0.001,0,-10.6,0
"Maxi Kleber",83,240,"Dallas Mavericks",27,1378242,6.8,1.1,0.5,1,4.6,0.784,1,0.353,3.1,0.453,5.4,21.2,71,13.1,1.6,1.8,3.5,0.111,13.5,1.5,1.3
"Brandon Knight",75,195,"Cleveland Cavaliers",27,14631250,6.8,0.1,0.5,1.8,1.5,0.794,0.9,0.318,3.3,0.381,6.7,18.9,39,8.9,-0.1,0,0,-0.002,18.1,-5,-0.6
"Kevin Knox",81,215,"New York Knicks",19,3739920,12.8,0.3,0.6,1.1,4.5,0.717,3,0.343,4.9,0.37,12.2,28.8,75,8.7,-2.2,0.9,-1.3,-0.03,22.3,-6,-2.2
"Furkan Korkmaz",79,190,"Philadelphia 76ers",21,1740000,5.8,0,0.6,1.1,2.2,0.818,0.9,0.326,3,0.4,5.1,14.1,48,11.5,0.4,0.7,1.1,0.079,17.9,-2.2,0
"Luke Kornet",85,250,"New York Knicks",23,1619000,7,0.9,0.6,1.2,2.9,0.826,1,0.363,4.2,0.378,6.2,17,46,14.8,0.6,0.7,1.4,0.083,17.9,0.7,0.5
"Kyle Korver",79,212,"Utah Jazz",37,7560000,8.6,0.2,0.4,1.2,2.3,0.822,1,0.397,5,0.416,6.9,19.1,70,11.2,1,1.3,2.3,0.082,18.5,-1.5,0.2
"Kosta Koufos",84,245,"Sacramento Kings",29,8739500,3.7,0.4,0.4,0.9,4.2,0.417,0.6,NA,0,0.477,3.6,12,42,12.3,0,0.7,0.7,0.063,15.7,-2.5,-0.1
"Rodions Kurucs",81,210,"Brooklyn Nets",20,1618320,8.5,0.4,0.7,0.8,3.9,0.783,1.5,0.315,2.9,0.45,7.1,20.5,63,11,0.1,1.5,1.6,0.059,18.4,-2.4,-0.1
"Kyle Kuzma",81,220,"Los Angeles Lakers",23,1689840,18.7,0.4,0.6,2.5,5.5,0.752,3.6,0.303,6,0.456,15.5,33.1,70,14,1.2,1.9,3.1,0.065,23.8,-1.7,0.2
"Skal Labissiere",83,235,"Portland Trail Blazers",22,1544951,3,0.3,0.2,0.5,2,0.529,0.8,0.462,0.6,0.531,2.2,8,22,12.6,0.1,0.2,0.3,0.089,16,-1.8,0
"Jeremy Lamb",77,185,"Charlotte Hornets",26,7488372,15.3,0.4,1.1,2.2,5.5,0.888,3.3,0.348,4.2,0.44,12.4,28.5,79,17.3,3.3,2,5.3,0.113,22.5,0.1,1.2
"Zach LaVine",77,200,"Chicago Bulls",23,19500000,23.7,0.4,1,4.5,4.7,0.832,6,0.374,5.1,0.467,18,34.5,63,18.7,1.7,1.1,2.8,0.062,30.5,0,1.1
"Jake Layman",81,215,"Portland Trail Blazers",24,1544951,7.6,0.4,0.4,0.7,3.1,0.704,1,0.326,2.5,0.509,6,18.7,71,13.5,1.9,1.2,3.1,0.111,15.9,-0.3,0.6
"T.J. Leaf",82,225,"Indiana Pacers",21,2407560,3.9,0.3,0.2,0.4,2.2,0.613,0.5,0.258,0.5,0.541,3.2,9,58,16.9,0.9,0.7,1.6,0.148,17.5,-1,0.1
"Courtney Lee",77,215,"Dallas Mavericks",33,12253780,4,0.1,0.6,1.1,1.6,0.667,0.6,0.291,1.6,0.411,3.8,12.6,34,10.3,0.1,0.4,0.4,0.05,15.3,-2.8,-0.1
"Damion Lee",78,210,"<Free Agent>",26,0,4.9,0,0.4,0.4,2,0.864,0.7,0.397,2.1,0.441,4,11.7,32,11.9,0.3,0.4,0.7,0.09,16.8,-3.6,-0.2
"Walt Lemon Jr.",75,180,"<Free Agent>",26,0,14.3,0.2,1.8,5,4.5,0.727,1.8,0.4,0.8,0.437,14.5,27.8,6,16.3,-0.1,0.2,0.1,0.026,26.6,-1.4,0
"Alex Len",85,250,"Atlanta Hawks",25,4350000,11.1,0.9,0.4,1.1,5.5,0.648,2.8,0.363,2.6,0.494,8.4,20.1,77,17.2,2.2,1,3.2,0.1,22.1,-0.9,0.4
"Kawhi Leonard",79,230,"Toronto Raptors",27,23114067,26.6,0.4,1.8,3.3,7.3,0.854,7.1,0.371,5,0.496,18.8,34,60,25.8,6.1,3.4,9.5,0.224,30.3,5,3.6
"Meyers Leonard",85,255,"Portland Trail Blazers",26,10595506,5.9,0.1,0.2,1.2,3.8,0.843,0.8,0.45,1.8,0.545,4,14.4,61,15.8,2.1,0.9,3,0.164,14.8,1.4,0.8
"Jon Leuer",82,228,"Detroit Pistons",29,10002681,3.8,0.1,0.3,0.3,2.4,0.742,0.8,0.091,0.3,0.584,2.8,9.8,41,13.2,0.4,0.5,0.9,0.11,16.1,-3,-0.1
"Caris LeVert",79,204,"Brooklyn Nets",24,1702800,13.7,0.4,1.1,3.9,3.8,0.691,3.1,0.312,3.9,0.429,12.1,26.6,40,14.9,0.5,1.2,1.7,0.077,24,-0.2,0.5
"Damian Lillard",75,195,"Portland Trail Blazers",28,27977689,25.8,0.4,1.1,6.9,4.6,0.912,6.4,0.369,8,0.444,19.2,35.5,80,23.7,9.7,2.4,12.1,0.205,29.3,5.5,5.4
"Jeremy Lin",75,200,"Atlanta Hawks",30,13768421,9.6,0.2,0.6,3.1,2.4,0.838,2.8,0.294,2.5,0.44,7.3,19.4,74,13.5,1.2,0.9,2.1,0.07,21.8,-2.9,-0.3
"Shaun Livingston",79,192,"Golden State Warriors",33,8307692,4,0.4,0.5,1.8,1.8,0.784,0.8,0,0,0.519,3.3,15.1,64,11.7,1.2,0.9,2,0.101,12,-1.5,0.1
"Kevon Looney",81,220,"Golden State Warriors",22,1567007,6.3,0.7,0.6,1.5,5.2,0.619,1.3,0.1,0.1,0.625,4.3,18.5,80,17.3,4.2,1.8,6,0.194,12.8,3.7,2.1
"Brook Lopez",84,270,"Milwaukee Bucks",30,3382000,12.5,2.2,0.6,1.2,4.9,0.842,1.6,0.365,6.3,0.452,9.7,28.7,81,14.6,2.3,4.3,6.7,0.138,16.7,2.7,2.8
"Robin Lopez",84,275,"Chicago Bulls",30,14357750,9.5,1.1,0.1,1.2,3.9,0.724,1.7,0.226,0.4,0.568,7.2,21.7,74,15.9,2,0.7,2.7,0.081,18.6,-1.1,0.4
"Kevin Love",82,251,"Cleveland Cavaliers",30,24119025,17,0.2,0.3,2.2,10.9,0.904,5.2,0.361,6.7,0.385,12.9,27.2,22,19.5,1,0.4,1.3,0.106,27.4,-1.7,0
"Kyle Lowry",73,196,"Toronto Raptors",32,31200000,14.2,0.5,1.4,8.7,4.8,0.83,3,0.347,7,0.411,11.4,34,65,16.5,3.6,3,6.6,0.144,19.6,3.1,2.8
"Jordan Loyd",76,210,"<Free Agent>",25,0,2.4,0,0,0.5,0.8,0.818,0.9,0.5,0.7,0.444,1.5,4.6,12,16.3,0.2,0,0.2,0.19,19.4,-2,0
"Kalin Lucas",73,195,"<Free Agent>",29,0,2,0,0,1,3,1,2,0,1,0,1,6,1,16.6,0,0,0,0.238,13.5,-0.6,0
"Timothe Luwawu-Cabarrot",78,210,"Chicago Bulls",23,1544951,4.6,0.2,0.4,0.5,1.9,0.756,0.8,0.31,2.3,0.376,4.4,13.4,50,8,-0.3,0.5,0.2,0.015,16.6,-5,-0.5
"Tyler Lydon",82,225,"Denver Nuggets",22,1874640,0.9,0,0.1,0.2,0.7,0.333,0.1,0.4,0.4,0.5,0.7,3.8,25,9.3,0.1,0.1,0.2,0.086,10.6,-2.5,0
"Trey Lyles",82,234,"Denver Nuggets",23,3364249,8.5,0.4,0.5,1.4,3.8,0.698,1.8,0.255,3.1,0.418,7.7,17.5,64,12.7,-0.2,1.4,1.2,0.05,23.4,-3.3,-0.4
"Scott Machado",73,205,"Los Angeles Lakers",28,47371,2.5,0,0.3,0.8,0,1,0.3,1,0.3,0.667,1.5,4.8,4,22.2,0.1,0,0.1,0.281,14,-4.4,0
"Shelvin Mack",75,203,"Orlando Magic",28,1e+06,7.5,0.1,0.8,3.2,1.8,0.69,1.5,0.354,2.3,0.404,7.1,21.9,57,10.4,-0.2,1.1,0.9,0.034,18.1,-4.1,-0.7
"Daryl Macon",75,185,"<Free Agent>",23,0,3.6,0,0.1,0.9,1.5,0.571,0.9,0.455,1.4,0.37,3.4,11.3,8,5.5,-0.1,0,0,-0.022,17.2,-7.2,-0.1
"J.P. Macura",77,205,"<Free Agent>",23,0,3,0,0,1,1.5,NA,0,0,2,0.333,4.5,8.5,2,5.7,0,0,0,-0.11,22.8,-10.5,0
"Ian Mahinmi",83,262,"Washington Wizards",32,15944154,4.1,0.5,0.7,0.7,3.8,0.689,1.8,0.188,0.5,0.452,3.1,14.6,34,12,0.5,0.5,1,0.092,12.9,-1,0.1
"Thon Maker",85,221,"Detroit Pistons",21,2799720,5,0.8,0.3,0.7,3.2,0.667,1.3,0.32,2.4,0.407,4.2,15.2,64,11.3,0.5,1.5,2,0.099,14.8,-0.7,0.3
"Boban Marjanovic",87,290,"Philadelphia 76ers",30,7e+06,7.3,0.5,0.3,0.9,4.6,0.748,2.3,0.4,0.2,0.615,4.5,11.7,58,24.2,2.1,0.9,3,0.212,23.3,1.9,0.7
"Lauri Markkanen",84,240,"Chicago Bulls",21,4536120,18.7,0.6,0.7,1.4,9,0.872,3.8,0.361,6.4,0.43,15.3,32.3,52,17.1,1.3,1.5,2.7,0.078,25.1,-1.9,0
"Jarell Martin",82,239,"Orlando Magic",24,2416222,2.7,0.2,0.1,0.4,1.7,0.818,0.3,0.351,1.4,0.413,2.5,7.8,42,9.4,0.1,0.4,0.5,0.073,15.9,-3.9,-0.2
"Frank Mason III",71,190,"Sacramento Kings",24,1378242,5.1,0.1,0.4,2.2,1.1,0.684,1.5,0.219,1.7,0.42,4.4,11.4,38,12.4,0,0.3,0.3,0.033,21.8,-4.5,-0.3
"Yante Maten",80,240,"<Free Agent>",22,0,1,0,0.5,0,1.5,NA,0,0,0.5,0.25,2,6.5,2,5.7,0,0,0,-0.026,13.2,-10.6,0
"Wesley Matthews",77,220,"New York Knicks",32,18622514,12.2,0.2,0.8,2.3,2.5,0.81,2.4,0.372,5.8,0.4,10.1,30.3,69,10.3,1.1,1.5,2.7,0.062,17.8,-1.5,0.3
"Luc Mbah a Moute",80,230,"Los Angeles Clippers",32,4320500,5,0.3,0.3,0.5,1.8,0.4,1.3,0.333,1.5,0.444,4.5,15.3,4,6.7,0,0,0,0.009,15.4,-5.4,-0.1
"Tahjere McCall",77,195,"Brooklyn Nets",24,47371,4,0,0,0,1,0,1,0,1,0.667,3,8,1,9.6,0,0,0,0.055,18.1,-9.8,0
"Patrick McCaw",79,185,"Cleveland Cavaliers",23,323529,2.6,0.1,0.8,1,1.7,0.867,0.5,0.321,1,0.413,2.2,13.7,29,7.5,0,0.5,0.5,0.065,9.4,-1.2,0.1
"CJ McCollum",75,190,"Portland Trail Blazers",27,25759766,21,0.4,0.8,3,4,0.828,2.7,0.375,6.4,0.459,17.8,33.9,70,17,4,1.7,5.6,0.114,25.5,0.3,1.3
"T.J. McConnell",74,190,"Philadelphia 76ers",26,1600520,6.4,0.2,1,3.4,2.3,0.784,0.5,0.333,0.6,0.525,5.5,19.3,76,13.4,1.2,1.7,2.9,0.094,15,-1.6,0.1
"Doug McDermott",80,225,"Indiana Pacers",27,7333334,7.3,0.1,0.2,0.9,1.4,0.835,1,0.408,2.7,0.491,5.5,17.4,77,11.6,1.8,1.1,2.9,0.103,16.3,-2.1,0
"JaVale McGee",84,270,"Los Angeles Lakers",31,2393887,12,2,0.6,0.7,7.5,0.632,2,0.083,0.2,0.624,8.5,22.3,75,21.8,3,2.9,5.9,0.171,20.2,1.9,1.7
"Rodney McGruder",76,200,"Los Angeles Clippers",27,1544951,7.6,0.2,0.5,1.7,3.6,0.722,1.1,0.351,3.4,0.403,7,23.5,66,9.4,0.4,1.6,1.9,0.059,15.4,-2,0
"Alfonzo McKinnie",80,215,"Golden State Warriors",26,1349383,4.7,0.2,0.3,0.4,3.4,0.563,0.7,0.356,1.6,0.487,3.8,13.9,72,11.2,1.2,0.9,2.1,0.1,13.9,-2.5,-0.1
"Ben McLemore",77,201,"Sacramento Kings",25,5460000,3.9,0.2,0.3,0.2,0.9,0.667,0.6,0.415,2.2,0.391,3.4,8.3,19,10.5,0.1,0.1,0.2,0.055,19.4,-3.7,-0.1
"Jordan McRae",77,179,"<Free Agent>",27,0,5.9,0.3,0.5,1.1,1.5,0.8,1.3,0.286,1.3,0.469,4.8,12.3,27,14.3,0.3,0.2,0.5,0.066,20.4,-3.7,-0.1
"Jodie Meeks",76,210,"Milwaukee Bucks",31,3454500,6.4,0.1,0.1,1,1.5,1,0.1,0.444,2.3,0.538,4.9,13,8,16,0.2,0.1,0.3,0.153,17.1,-0.8,0
"Salah Mejri",86,235,"Dallas Mavericks",32,1567007,3.9,0.7,0.3,1,3.6,0.625,0.9,0.324,0.9,0.491,3.1,11.1,36,16.1,0.5,0.6,1.1,0.136,15.8,1.9,0.4
"De'Anthony Melton",76,200,"Phoenix Suns",20,949000,5,0.5,1.4,3.2,2.7,0.75,0.6,0.305,1.9,0.391,5.1,19.7,50,9.9,-0.8,0.8,0,0.002,15,-2.6,-0.1
"Chimezie Metu",82,225,"San Antonio Spurs",21,838464,1.8,0.1,0.2,0.4,1.2,0.765,0.6,0,0.1,0.328,2,5,29,6.4,-0.5,0.2,-0.3,-0.099,24.4,-9.2,-0.3
"Khris Middleton",80,222,"Milwaukee Bucks",27,1.3e+07,18.3,0.1,1,4.3,6,0.837,3.4,0.378,6.2,0.441,14.9,31.1,77,16.5,2.5,3.6,6.1,0.123,25.1,0.8,1.7
"C.J. Miles",78,220,"Memphis Grizzlies",31,8333333,6.4,0.3,0.5,0.7,1.8,0.828,1.1,0.33,3.8,0.36,5.9,16.2,53,9,-0.2,0.9,0.7,0.041,18.6,-3.4,-0.3
"Darius Miller",80,225,"New Orleans Pelicans",28,2205000,8.2,0.3,0.6,2.1,1.9,0.789,1,0.365,5.3,0.39,7,25.5,69,8.4,1.1,0.6,1.6,0.045,13.4,-1.7,0.1
"Malcolm Miller",79,210,"Toronto Raptors",25,457418,3.5,0.1,0.1,0.1,0.5,0.75,0.4,0.476,2.1,0.423,2.6,6.7,10,13.7,0.1,0.1,0.2,0.13,18.5,-2,0
"Patty Mills",72,180,"San Antonio Spurs",30,11571429,9.9,0.1,0.6,3,2.2,0.854,1.3,0.394,4.9,0.425,8.1,23.3,82,13.2,2.2,1.2,3.5,0.087,18.5,-0.5,0.7
"Paul Millsap",80,246,"Denver Nuggets",33,29730769,12.6,0.8,1.2,2,7.2,0.727,3.6,0.365,2.3,0.484,9.5,27.1,70,17.9,3.2,2.9,6.1,0.155,19.6,2.4,2.1
"Shake Milton",78,207,"<Free Agent>",22,0,4.4,0.4,0.4,0.9,1.8,0.714,0.4,0.318,2.2,0.391,4.4,13.4,20,9.3,0.1,0.3,0.3,0.059,15,-2.7,0
"Nikola Mirotic",82,250,"Milwaukee Bucks",27,12500000,15.2,0.7,0.7,1.2,7.4,0.847,2.7,0.365,6.9,0.439,11.8,27.1,46,17.2,2,1.4,3.5,0.133,21.4,0,0.6
"Donovan Mitchell",75,215,"Utah Jazz",22,3111480,23.8,0.4,1.4,4.2,4.1,0.806,5.1,0.362,6.7,0.432,19.9,33.7,77,17.2,1.3,3.7,5,0.092,31.6,0.6,1.7
"Naz Mitrou-Long",76,218,"<Free Agent>",25,0,1.1,0.1,0.1,1.1,0.4,1,0.1,0.182,0.8,0.3,1.4,6,14,2.2,-0.2,0.1,-0.1,-0.046,14.7,-8.9,-0.1
"Malik Monk",75,200,"Charlotte Hornets",20,3447480,8.9,0.3,0.5,1.6,1.9,0.882,1.4,0.33,4.5,0.387,8,17.2,73,11.8,-0.4,0.7,0.3,0.012,24.6,-3.9,-0.6
"Greg Monroe",83,265,"Brooklyn Nets",28,2165481,5.3,0.2,0.3,0.6,4,0.625,1.7,0.2,0.1,0.487,4.4,11.2,43,16,0.4,0.7,1.1,0.108,22.6,-3.6,-0.2
"E'Twaun Moore",76,191,"New Orleans Pelicans",29,8808685,11.9,0.2,0.8,1.9,2.4,0.763,1.1,0.432,3.3,0.481,10,27.6,53,11.5,1.2,0.5,1.7,0.055,17.3,-2.2,-0.1
"Eric Moreland",82,238,"Phoenix Suns",27,239035,1.4,0.2,0.2,0.8,4,NA,0,1,0.2,0.429,1.4,8.6,5,6.7,-0.1,0.1,0,0.032,12,-4.8,0
"Marcus Morris",81,235,"Boston Celtics",29,5375000,13.9,0.3,0.6,1.5,6.1,0.844,2.3,0.375,5.2,0.447,11.3,27.9,75,14.2,2.1,2.5,4.5,0.104,20.9,-1.4,0.3
"Markieff Morris",82,245,"New Orleans Pelicans",29,8600000,9.4,0.4,0.6,1.4,4.6,0.772,1.6,0.335,3.5,0.421,8.3,21.9,58,11.7,0.6,1.1,1.6,0.061,19.1,-2.8,-0.3
"Monte Morris",75,175,"Denver Nuggets",23,1349383,10.4,0,0.9,3.6,2.4,0.802,1,0.414,2.8,0.493,8.6,24,82,16.2,4.4,1.8,6.2,0.151,17.1,0.2,1.1
"Donatas Motiejunas",84,222,"San Antonio Spurs",28,59820,2,0.3,0,0.3,1,0,0.7,NA,0,0.5,2,4.3,3,-0.5,-0.1,0,-0.1,-0.246,33.5,-11.5,0
"Johnathan Motley",82,230,"<Free Agent>",23,0,4.6,0.1,0.2,0.5,2.3,0.6,1.8,0,0.1,0.534,3.3,7.1,22,18.9,0.1,0.2,0.3,0.092,28.8,-3.2,0
"Emmanuel Mudiay",77,200,"New York Knicks",22,4294480,14.8,0.3,0.7,3.9,3.3,0.774,3.2,0.329,3.6,0.446,12.5,27.2,59,14.6,0.1,0.7,0.8,0.023,25.6,-2.4,-0.2
"Jamal Murray",76,207,"Denver Nuggets",21,3499800,18.2,0.4,0.9,4.8,4.2,0.848,3,0.367,5.5,0.437,15.6,32.6,75,16,2.8,2.3,5.1,0.1,24.9,0.1,1.3
"Dzanan Musa",81,208,"Brooklyn Nets",19,1632240,2.1,0,0.2,0.2,0.6,0,0.2,0.1,1.1,0.409,2.4,4.3,9,5.8,-0.2,0,-0.1,-0.152,29,-10.4,-0.1
"Mike Muscala",83,240,"Los Angeles Lakers",27,5e+06,7,0.6,0.3,1.2,3.8,0.824,1.3,0.348,4,0.402,5.6,20.4,64,10.8,1.2,1.2,2.5,0.091,14.3,-0.7,0.4
"Sviatoslav Mykhailiuk",80,205,"Detroit Pistons",21,1487694,3.2,0,0.3,0.9,0.9,0.6,0.5,0.326,2.1,0.329,3.3,10.5,42,6,-0.4,0.3,-0.1,-0.012,16,-5.7,-0.4
"Abdel Nader",78,225,"Oklahoma City Thunder",25,1378242,4,0.2,0.3,0.3,1.9,0.75,0.6,0.32,1.6,0.423,3.5,11.4,61,8.8,0,0.9,0.9,0.062,15.1,-5.1,-0.5
"Larry Nance Jr.",81,230,"Cleveland Cavaliers",26,2272391,9.4,0.6,1.5,3.2,8.2,0.716,2,0.337,1.5,0.52,7.1,26.8,67,18.6,3.3,1.6,4.9,0.131,15.5,4,2.7
"Shabazz Napier",73,180,"Brooklyn Nets",27,1942422,9.4,0.3,0.7,2.6,1.8,0.833,2.5,0.333,4.1,0.389,7.8,17.6,56,15.3,1,1,2,0.098,24,-0.7,0.3
"Raul Neto",73,179,"Utah Jazz",26,2150000,5.3,0.1,0.4,2.5,1.7,0.848,0.9,0.333,1.6,0.46,4.4,12.8,37,13.5,0.5,0.6,1.1,0.116,19,-1.6,0
"Georges Niang",80,230,"Utah Jazz",25,1512601,4,0.1,0.2,0.6,1.5,0.833,0.4,0.41,1.8,0.475,3.1,8.7,59,13,0.7,0.7,1.3,0.123,17.8,-1.1,0.1
"Joakim Noah",83,230,"New York Knicks",33,18530000,7.1,0.7,0.5,2.1,5.7,0.716,2.6,0,0,0.516,5.1,16.5,42,18.6,1,1.2,2.2,0.15,20,1.6,0.6
"Nerlens Noel",83,220,"Oklahoma City Thunder",24,1757429,4.9,1.2,0.9,0.6,4.2,0.684,1,NA,0,0.587,3.6,13.7,77,19.3,1.9,2.5,4.3,0.198,13.8,3.9,1.6
"Dirk Nowitzki",84,245,"Dallas Mavericks",40,5e+06,7.3,0.4,0.2,0.7,3.1,0.78,1,0.312,4,0.359,7.4,15.6,51,9.6,-0.5,0.8,0.3,0.016,22.5,-5.9,-0.8
"Frank Ntilikina",78,200,"New York Knicks",20,4155720,5.7,0.3,0.7,2.8,2,0.767,0.7,0.287,2.7,0.337,6.6,21,43,6,-1.3,0.4,-0.8,-0.045,16.6,-5.7,-0.8
"James Nunnally",79,208,"Minnesota Timberwolves",28,655632,2.4,0,0.1,0.5,0.3,1,0.3,0.32,1.7,0.353,2.3,6.8,15,7.3,0.1,0,0.1,0.035,15.3,-6.4,-0.1
"Jusuf Nurkic",84,275,"Portland Trail Blazers",24,11111111,15.6,1.4,1,3.2,10.4,0.773,5.1,0.103,0.4,0.508,11.5,27.4,72,23.4,4.4,3.3,7.8,0.189,24.7,5.1,3.5
"David Nwaba",76,219,"Cleveland Cavaliers",26,1512601,6.5,0.3,0.7,1.1,3.2,0.682,1.7,0.32,1.5,0.481,5.1,19.3,51,12.5,1.1,0.3,1.4,0.069,14.6,-1.7,0.1
"Royce O'Neale",78,226,"Utah Jazz",25,1378242,5.2,0.3,0.7,1.5,3.5,0.762,0.5,0.386,2.1,0.475,4.2,20.4,82,9,0.7,2.5,3.3,0.094,11,0.1,0.9
"Kyle O'Quinn",82,250,"Indiana Pacers",28,4449000,3.5,0.6,0.2,1.2,2.6,0.81,0.5,0.083,0.3,0.507,3,8.2,45,16.8,0.2,0.8,1,0.125,20.8,1.8,0.4
"Semi Ojeleye",79,241,"Boston Celtics",24,1378242,3.3,0.1,0.2,0.4,1.5,0.615,0.7,0.315,1.6,0.424,2.8,10.6,56,8.5,0.2,0.5,0.7,0.057,14.1,-4.3,-0.3
"Jahlil Okafor",83,275,"New Orleans Pelicans",23,1567007,8.2,0.7,0.3,0.7,4.7,0.663,1.5,0.2,0.1,0.586,6.1,15.8,59,17.9,1.4,0.8,2.2,0.115,19.9,-2.3,-0.1
"Elie Okobo",75,190,"Phoenix Suns",21,1238464,5.7,0.1,0.6,2.4,1.8,0.787,0.9,0.295,2.5,0.393,5.5,18.1,53,7.6,-0.7,0.2,-0.5,-0.027,17,-5.9,-0.9
"Josh Okogie",76,212,"Minnesota Timberwolves",20,2160720,7.7,0.4,1.2,1.2,2.9,0.728,2.2,0.279,2.9,0.386,6.9,23.7,74,9.4,-0.1,1.4,1.2,0.034,15.4,-1.7,0.1
"Victor Oladipo",76,210,"Indiana Pacers",26,2.1e+07,18.8,0.3,1.7,5.2,5.6,0.73,3.9,0.343,6,0.423,16.3,31.9,36,17.6,0.4,1.9,2.3,0.097,27.9,2.3,1.3
"Kelly Olynyk",84,240,"Miami Heat",27,12137527,10,0.5,0.7,1.8,4.7,0.822,2.3,0.354,4,0.463,7.1,22.9,79,14.4,2.3,2.5,4.7,0.126,18,1.1,1.4
"Cedi Osman",80,215,"Cleveland Cavaliers",23,2775000,13,0.1,0.8,2.6,4.7,0.779,2.4,0.348,4.9,0.427,11.1,32.2,76,11.5,1.2,0.2,1.5,0.029,18.6,-2.1,-0.1
"Kelly Oubre Jr.",79,205,"Phoenix Suns",23,3208630,15.2,0.9,1.2,1.2,4.7,0.775,3.5,0.32,4.9,0.445,12.2,28,69,15.2,0.9,1.3,2.2,0.054,23.2,-2.2,-0.1
"Zaza Pachulia",83,270,"Detroit Pistons",34,2393887,3.9,0.3,0.5,1.3,3.9,0.782,1.8,0,0.1,0.44,2.8,12.9,68,13.7,1.1,1.3,2.3,0.128,15,0.2,0.5
"Jabari Parker",80,245,"Washington Wizards",23,2e+07,14.5,0.5,0.7,2.4,6.6,0.712,2.9,0.313,3,0.493,11.7,26.9,64,15.5,0.1,1.3,1.4,0.039,24.6,-2.1,0
"Tony Parker",74,185,"Charlotte Hornets",36,5e+06,9.5,0.1,0.4,3.7,1.5,0.734,2.2,0.255,0.9,0.46,8.3,17.9,56,15.3,0.6,0.3,0.9,0.044,25.5,-5.3,-0.8
"Chandler Parsons",82,230,"Memphis Grizzlies",30,24107258,7.5,0.2,0.8,1.7,2.8,0.88,1,0.309,3.8,0.374,7.3,19.8,25,8.5,-0.6,0.6,0,-0.004,20.3,-4.3,-0.3
"Patrick Patterson",81,230,"Oklahoma City Thunder",29,5451600,3.6,0.2,0.3,0.5,2.3,0.633,0.5,0.336,2.2,0.374,3.5,13.7,63,8.1,0.2,0.9,1.1,0.064,12,-3.7,-0.4
"Justin Patton",84,241,"Philadelphia 76ers",21,2667600,1.7,0,0.7,1,2,0.5,0.7,0,0.7,0.286,2.3,7,3,10.5,0,0,0,0.079,15.7,-0.2,0
"Chris Paul",72,175,"Houston Rockets",33,35654150,15.6,0.3,2,8.2,4.6,0.862,3.5,0.358,6.1,0.419,12.4,32,58,19.7,4.4,2.2,6.6,0.172,22.5,3,2.4
"Cameron Payne",75,190,"Chicago Bulls",24,3263295,6.3,0.2,0.7,2.7,1.8,0.805,1,0.298,2.1,0.43,5.6,17.8,40,11.5,0.1,0.3,0.5,0.031,17.6,-3.5,-0.3
"Elfrid Payton",76,185,"New Orleans Pelicans",24,3e+06,10.6,0.4,1,7.6,5.2,0.743,1.8,0.314,2.5,0.434,9.8,29.8,42,14,0.6,0.9,1.5,0.058,18.3,-0.9,0.4
"Gary Payton II",75,190,"Washington Wizards",26,85458,3.7,0.3,1,1.3,0.7,NA,0,0.5,0.7,0.625,2.7,5.3,3,36.9,0.1,0,0.1,0.358,23.8,14.9,0.1
"Theo Pinson",78,218,"<Free Agent>",23,0,4.5,0,0.3,1.2,2,0.864,1.2,0.261,2.6,0.342,4.1,11.7,18,8.1,-0.2,0.2,0,0.004,20,-4.8,-0.1
"Mason Plumlee",83,235,"Denver Nuggets",28,12917808,7.8,0.9,0.8,3,6.4,0.561,2.4,0.2,0.1,0.593,5.4,21.1,82,17.8,2.9,2.9,5.8,0.16,16.2,3.8,2.6
"Miles Plumlee",83,249,"Atlanta Hawks",30,12500000,4.4,0.2,0.3,0.9,2.2,0.533,1.7,NA,0,0.667,2.7,9.6,18,18.9,0.4,0.1,0.5,0.145,16.7,-0.1,0.1
"Jakob Poeltl",84,230,"San Antonio Spurs",23,2947320,5.5,0.9,0.4,1.2,5.3,0.533,1.2,NA,0,0.645,3.8,16.5,77,19.4,3.5,1.6,5.1,0.193,13.1,4.2,2
"Quincy Pondexter",79,230,"San Antonio Spurs",30,2165481,1.8,0,0.2,0.5,0.9,0.81,0.8,0.333,0.3,0.5,1.1,5.5,53,13.2,0.5,0.3,0.8,0.128,13.5,-1.4,0
"Otto Porter",80,198,"Chicago Bulls",25,26011913,13.9,0.6,1.5,2.1,5.6,0.813,1.7,0.406,4.6,0.465,11.5,30.1,56,15.9,1.8,1.5,3.2,0.093,19.1,0.5,1
"Bobby Portis",83,250,"Washington Wizards",23,2494346,14.2,0.4,0.7,1.4,8.1,0.794,1.9,0.393,3.8,0.444,12.6,26,50,16.1,0.5,1.1,1.6,0.06,24.6,-2.9,-0.3
"Dwight Powell",83,240,"Dallas Mavericks",27,9631250,10.6,0.6,0.6,1.5,5.3,0.772,3.3,0.307,1.6,0.597,6.3,21.6,77,20.4,5.6,1.9,7.5,0.215,17.2,4,2.5
"Norman Powell",76,215,"Toronto Raptors",25,9367200,8.6,0.2,0.7,1.5,2.3,0.827,1.3,0.4,2.8,0.483,6.7,18.8,60,13.3,1,1.4,2.4,0.102,19,-0.7,0.4
"Alex Poythress",81,235,"<Free Agent>",25,0,5.1,0.5,0.2,0.8,3.6,0.621,1.4,0.391,1.1,0.494,3.9,14.5,21,12.2,0.4,0.2,0.5,0.086,14.2,-2.2,0
"Zhou Qi",85,210,"Houston Rockets",23,506134,2,0,0,0,0,NA,0,NA,0,1,1,1,1,80.4,0,0,0,1.261,43.4,9.5,0
"Ivan Rabb",82,220,"Memphis Grizzlies",21,1378242,5.8,0.3,0.3,1.1,4.2,0.71,1.4,0.2,0.3,0.547,4.3,14.7,49,16.1,1.2,0.9,2.1,0.137,17.2,-0.6,0.2
"Chasson Randle",74,185,"Washington Wizards",25,869094,5.5,0.1,0.5,2,1.1,0.694,1.3,0.4,2.3,0.419,4.4,15.2,49,9.9,0.4,0.2,0.6,0.041,16.4,-4.4,-0.4
"Julius Randle",81,250,"New Orleans Pelicans",24,8641000,21.4,0.6,0.7,3.1,8.7,0.731,6.7,0.344,2.7,0.524,14.9,30.6,73,21,4.2,1.9,6.1,0.131,27.8,1.4,1.9
"J.J. Redick",76,200,"Philadelphia 76ers",34,12250000,18.1,0.2,0.4,2.7,2.4,0.894,3.4,0.397,8,0.44,13.5,31.3,76,15.1,4.6,1.2,5.9,0.118,21.9,-0.7,0.8
"Davon Reed",77,208,"Phoenix Suns",23,1378242,1.2,0,0.1,0.3,0.6,NA,0,0.5,0.4,0.417,1.2,4.7,10,8.1,0,0,0.1,0.064,12.1,-4.2,0
"Cameron Reynolds",80,225,"Minnesota Timberwolves",23,108953,5,0.1,0.3,0.7,1.6,0.889,0.5,0.412,2.7,0.423,4.1,13.6,19,10.4,0.3,0.1,0.4,0.078,14.1,-2.3,0
"Josh Richardson",78,200,"Miami Heat",25,9367200,16.6,0.5,1.1,4.1,3.6,0.861,3.2,0.357,6.3,0.412,14.1,34.8,73,14,3,2.6,5.6,0.106,20.9,0.6,1.7
"Malachi Richardson",78,205,"Philadelphia 76ers",23,1569360,1.4,0,0,0,0.6,0.8,0.2,0.32,1.1,0.31,1.3,4.7,22,0.9,-0.2,0.1,-0.1,-0.06,16.4,-10.8,-0.2
"Austin Rivers",76,200,"Phoenix Suns",26,1.2e+07,8.1,0.3,0.6,2.2,2.1,0.526,1.3,0.318,4.3,0.406,7.5,26.7,76,7.7,0.4,0.8,1.2,0.028,14.5,-3.5,-0.7
"Devin Robinson",80,200,"<Free Agent>",23,0,6.7,0.9,0.6,0.9,2.9,0.643,2,0,0.3,0.594,4.6,13.6,7,20.6,0.2,0.1,0.3,0.175,17.9,1,0.1
"Duncan Robinson",80,210,"<Free Agent>",24,0,3.3,0,0.3,0.3,1.3,0.667,0.4,0.286,2.3,0.391,3.1,10.7,15,7.6,0,0.2,0.2,0.051,14,-4.2,-0.1
"Glenn Robinson III",78,222,"Detroit Pistons",25,4075000,4.2,0.2,0.3,0.4,1.5,0.8,0.9,0.29,1.3,0.42,3.7,13,47,8.7,0.1,0.6,0.7,0.054,15,-4.2,-0.3
"Jerome Robinson",77,190,"Los Angeles Clippers",21,3046200,3.4,0.1,0.3,0.6,1.2,0.667,0.3,0.316,1.7,0.4,3.3,9.7,33,7.2,-0.2,0.3,0.1,0.012,16.7,-4.3,-0.2
"Mitchell Robinson",85,240,"New York Knicks",20,1485440,7.3,2.4,0.8,0.6,6.4,0.6,2,NA,0,0.694,4.4,20.6,66,22,4,2.2,6.1,0.217,12.1,5.7,2.7
"Rajon Rondo",73,186,"Los Angeles Lakers",32,9e+06,9.2,0.2,1.2,8,5.3,0.639,0.8,0.359,3.1,0.405,9.4,29.8,46,12.1,-0.2,1.5,1.3,0.047,17.4,-1.6,0.1
"Derrick Rose",75,200,"Minnesota Timberwolves",30,2176260,18,0.2,0.6,4.3,2.7,0.856,3.1,0.37,2.9,0.482,14.8,27.3,51,19.5,2.6,0.3,3,0.102,27.3,-0.6,0.5
"Terrence Ross",79,206,"Orlando Magic",27,10500000,15.1,0.4,0.9,1.7,3.5,0.875,1.8,0.383,7,0.428,12.7,26.5,81,15.4,1.7,2.6,4.3,0.095,23.9,-0.3,0.9
"Terry Rozier",73,190,"Boston Celtics",24,3050390,9,0.3,0.9,2.9,3.9,0.785,1.2,0.353,4.3,0.387,8.4,22.7,79,12.9,0.9,2.3,3.2,0.086,18.6,-0.7,0.6
"Ricky Rubio",76,190,"Utah Jazz",28,14975000,12.7,0.1,1.3,6.1,3.6,0.855,3.4,0.311,3.7,0.404,10.7,27.9,68,14,0.9,2.8,3.7,0.095,22.7,0,0.9
"D'Angelo Russell",77,198,"Brooklyn Nets",22,7019698,21.1,0.2,1.2,7,3.9,0.78,2.5,0.369,7.8,0.434,18.7,30.2,81,19.4,2.4,2.6,5,0.097,31.9,3.4,3.3
"Domantas Sabonis",83,240,"Indiana Pacers",22,2659800,14.1,0.4,0.6,2.9,9.3,0.715,3.9,0.529,0.2,0.59,9.5,24.8,74,21.9,4.3,3.3,7.6,0.197,23.5,3.7,2.6
"Brandon Sampson",77,184,"<Free Agent>",21,0,5.1,0.2,0.6,0.7,1.1,0.667,0.4,0.379,2.1,0.467,4.3,15.3,14,8.5,-0.1,0.1,0,0.01,15.2,-4.2,-0.1
"JaKarr Sampson",81,214,"Chicago Bulls",25,88531,20,0.8,1,1,8,0.81,5.3,0.357,3.5,0.537,13.5,31.8,4,22.5,0.3,0.1,0.5,0.173,23.1,-1.5,0
"Dario Saric",82,223,"Minnesota Timberwolves",24,2526840,10.6,0.1,0.6,1.6,5.6,0.88,1.9,0.365,4,0.437,8.6,25,81,13.1,2.3,1.2,3.5,0.084,17.8,-1.1,0.5
"Tomas Satoransky",79,210,"Washington Wizards",27,3129187,8.9,0.2,1,5,3.5,0.819,2,0.395,2,0.485,6.6,27.1,80,14.1,3.8,0.9,4.7,0.104,14.1,-0.6,0.8
"Dennis Schroder",73,172,"Oklahoma City Thunder",25,15500000,15.5,0.2,0.8,4.1,3.6,0.819,2.9,0.341,4.6,0.414,14,29.3,79,12.7,0.4,2.4,2.9,0.06,24.2,-3.1,-0.6
"Mike Scott",80,237,"Philadelphia 76ers",30,4320500,5.8,0.2,0.3,0.8,3.5,0.667,0.4,0.401,3.2,0.4,5.3,17.7,79,8.6,0.4,1.2,1.6,0.053,14.4,-2.7,-0.2
"Thabo Sefolosha",79,220,"Utah Jazz",34,5250000,3.8,0.1,0.9,0.5,2.5,0.636,0.4,0.436,1.6,0.477,3,12.2,50,12.1,0.2,1.2,1.5,0.115,12.9,0.6,0.4
"Wayne Selden",77,230,"Chicago Bulls",24,1544951,6.9,0.2,0.4,1.5,2.4,0.728,1.2,0.316,2.3,0.406,6.4,19.2,75,8.3,-1,0.8,-0.3,-0.009,18.4,-5.1,-1.1
"Collin Sexton",74,190,"Cleveland Cavaliers",20,4068600,16.7,0.1,0.5,3,2.9,0.839,3.1,0.402,3.6,0.43,14.7,31.8,82,12,-0.1,-0.5,-0.6,-0.011,25.2,-5.2,-2.1
"Landry Shamet",77,188,"Los Angeles Clippers",21,1703640,9.1,0.1,0.5,1.5,1.7,0.806,1.2,0.422,5,0.431,7.1,22.8,79,11,2.7,0.9,3.6,0.095,15,-1,0.5
"Iman Shumpert",77,215,"Houston Rockets",28,11011234,7.5,0.4,1,1.8,3,0.8,0.7,0.348,4.4,0.374,7.2,23.9,62,9.1,0.1,1.2,1.4,0.045,14.5,-1.4,0.2
"Pascal Siakam",81,230,"Toronto Raptors",24,1544951,16.9,0.7,0.9,3.1,6.9,0.785,3.8,0.369,2.7,0.549,11.8,31.9,80,18.7,5.7,3.6,9.3,0.175,20.8,3.4,3.5
"Jordan Sibert",76,187,"Atlanta Hawks",26,47371,3,0,0,0,0,NA,0,1,1,1,1,4,1,29.7,0,0,0,0.183,10.2,6.3,0
"Ben Simmons",82,230,"Philadelphia 76ers",22,6434520,16.9,0.8,1.4,7.7,8.8,0.6,5.4,0,0.1,0.563,12.2,34.2,79,20,4.6,3.6,8.2,0.146,22.1,4.1,4.1
"Jonathon Simmons",78,195,"Philadelphia 76ers",29,6e+06,6.5,0.3,0.5,2.3,2.3,0.742,1.7,0.269,1.9,0.38,6.3,19,56,8.5,-0.8,1.1,0.3,0.013,18.7,-4.8,-0.7
"Kobi Simmons",77,166,"Cleveland Cavaliers",21,76236,0,0,0,0,0,NA,0,NA,0,NA,0,2,1,0,0,0,0,-0.033,0,-7.3,0
"Anfernee Simons",76,185,"Portland Trail Blazers",19,1835520,3.8,0,0.1,0.7,0.7,0.563,0.8,0.345,1.5,0.444,3.2,7.1,20,11.1,0,0,0.1,0.02,24.3,-6.3,-0.2
"Marcus Smart",76,220,"Boston Celtics",24,11660716,8.9,0.4,1.8,4,2.9,0.806,1.6,0.364,4.3,0.422,7.1,27.5,80,13.1,2.2,3.1,5.3,0.116,14.6,1.8,2.1
"Dennis Smith Jr.",75,195,"New York Knicks",21,3819960,13.6,0.4,1.3,4.8,2.9,0.635,2.9,0.322,3.9,0.428,12.3,28.5,53,12.3,-1.2,1.2,0,0.001,24.8,-2.5,-0.2
"Ish Smith",72,175,"Detroit Pistons",30,6e+06,8.9,0.2,0.5,3.6,2.6,0.758,1.1,0.326,2.4,0.419,8.7,22.3,56,11.8,0.5,1.1,1.7,0.064,19.9,-2.8,-0.3
"J.R. Smith",78,225,"Cleveland Cavaliers",33,14720000,6.7,0.3,1,1.9,1.6,0.8,0.9,0.308,3.5,0.342,7.2,20.2,11,7.8,-0.3,0.1,-0.2,-0.038,18.6,-5.2,-0.2
"Jason Smith",84,240,"New Orleans Pelicans",32,5450000,3.3,0.4,0.2,0.7,2.6,0.875,0.8,0.346,1.3,0.356,3,9.5,20,9.8,0,0.2,0.2,0.038,17.5,-4.3,-0.1
"Zhaire Smith",76,199,"Philadelphia 76ers",19,2611800,6.7,0.3,0.3,1.7,2.2,0.75,1.3,0.375,2.7,0.412,5.7,18.5,6,9.5,0,0.1,0.1,0.048,16.4,-4,-0.1
"Tony Snell",79,213,"Milwaukee Bucks",27,10607143,6,0.2,0.4,0.9,2.1,0.881,0.6,0.397,2.8,0.452,4.9,17.6,74,10.7,1.6,1.6,3.2,0.117,12.9,-1,0.3
"Ray Spalding",82,215,"Dallas Mavericks",21,838464,3.9,0.6,0.6,0.4,3.4,0.333,0.9,0,0.2,0.532,3.4,10.6,14,14.6,0,0.2,0.2,0.051,17.8,-3.4,-0.1
"Omari Spellman",81,245,"Atlanta Hawks",21,1620480,5.9,0.5,0.6,1,4.2,0.711,1,0.344,2.8,0.402,5.3,17.5,46,12.4,0.6,0.5,1.2,0.07,14.9,-1,0.2
"Nik Stauskas",78,205,"Indiana Pacers",25,1621415,5.9,0.1,0.3,1.2,1.9,0.891,0.9,0.372,2.8,0.402,5,14.9,68,10.9,0.6,0.5,1.1,0.052,17.6,-3.2,-0.3
"Lance Stephenson",78,230,"Los Angeles Lakers",28,4449000,7.2,0.1,0.6,2.1,3.2,0.685,1.1,0.371,2.9,0.426,6.4,16.5,68,11.8,-0.1,1.2,1.1,0.049,20.3,-2.1,0
"Edmond Sumner",78,176,"Indiana Pacers",23,449794,2.9,0.2,0.5,0.4,1,0.625,1,0.259,1.2,0.344,2.8,9.1,23,7.6,-0.2,0.3,0.1,0.02,17.6,-3.6,-0.1
"Caleb Swanigan",81,250,"Sacramento Kings",21,1740000,2,0,0.3,0.5,3,0.667,0.4,0.143,0.3,0.34,2.5,8.5,21,4.7,-0.5,0.2,-0.2,-0.06,17.7,-7.8,-0.3
"Jayson Tatum",80,208,"Boston Celtics",20,6700800,15.7,0.7,1.1,2.1,6,0.855,2.9,0.373,3.9,0.45,13.1,31.1,79,15.1,1.6,3.4,5,0.097,22.1,-0.8,0.8
"Jeff Teague",74,195,"Minnesota Timberwolves",30,1.9e+07,12.1,0.4,1,8.2,2.5,0.804,3.6,0.333,2.5,0.423,9.9,30.1,42,15.4,1.7,0.5,2.2,0.085,19.3,-2.4,-0.1
"Garrett Temple",78,195,"Los Angeles Clippers",32,8e+06,7.8,0.4,1,1.4,2.9,0.748,1.4,0.341,3.5,0.422,6.6,27.2,75,8.5,0.3,2,2.2,0.052,13.2,-1.2,0.4
"Milos Teodosic",77,196,"Los Angeles Clippers",31,6300000,3.2,0.1,0.2,2.1,1.1,0.571,0.5,0.37,1.8,0.425,2.7,10,15,6.5,-0.1,0.1,-0.1,-0.019,18,-6.1,-0.2
"Jared Terrell",75,227,"<Free Agent>",23,0,2.2,0.1,0.2,0.9,0.4,0.5,0.4,0.235,1.2,0.308,2.8,7.9,14,0.7,-0.4,0,-0.3,-0.14,19.6,-10.4,-0.2
"Emanuel Terry",81,220,"Phoenix Suns",22,47371,3.3,0,1,0.7,2.3,0.5,1.3,NA,0,0.571,2.3,7.7,3,19.7,0,0,0.1,0.117,20.1,1.6,0
"Daniel Theis",80,243,"Boston Celtics",26,1378242,5.7,0.6,0.3,1,3.4,0.737,1.2,0.388,1,0.549,4,13.8,66,17,2.3,1.3,3.5,0.188,15.8,2.3,1
"Isaiah Thomas",69,185,"Denver Nuggets",29,2029463,8.1,0.1,0.4,1.9,1.1,0.63,2.3,0.279,3.6,0.343,8.3,15.1,12,7,-0.4,0.1,-0.3,-0.077,30.4,-8.7,-0.3
"Khyri Thomas",75,210,"Detroit Pistons",22,838464,2.3,0.2,0.3,0.3,0.8,0.636,0.4,0.286,1.3,0.319,2.7,7.5,26,6.2,-0.2,0.2,0,0.005,17.2,-5.2,-0.2
"Lance Thomas",80,240,"New York Knicks",30,7119650,4.5,0.2,0.4,0.6,2.5,0.75,0.8,0.278,1.7,0.396,4.3,17,46,6.4,-0.3,0.3,0.1,0.004,12.9,-5.3,-0.7
"Klay Thompson",79,215,"Golden State Warriors",28,18988725,21.5,0.6,1.1,2.4,3.8,0.816,2,0.402,7.7,0.467,18,34,78,16.6,2.9,2.3,5.3,0.095,25.6,-0.8,0.8
"Tristan Thompson",82,238,"Cleveland Cavaliers",27,17469565,10.9,0.4,0.7,2,10.2,0.642,2.5,NA,0,0.529,8.8,27.9,43,18.4,2.1,0.5,2.6,0.105,17.7,0.3,0.7
"Sindarius Thornwell",77,215,"Los Angeles Clippers",24,1378242,1,0.1,0.2,0.3,0.7,0.735,0.5,0.2,0.2,0.347,0.8,4.9,64,5.2,-0.3,0.3,0,0.004,11.3,-4,-0.2
"Anthony Tolliver",80,250,"Minnesota Timberwolves",33,5750000,5,0.3,0.3,0.7,2.7,0.783,0.9,0.377,3.3,0.382,4,16.6,65,8.6,0.6,0.5,1.2,0.052,12.5,-2.2,-0.1
"Karl-Anthony Towns",84,248,"Minnesota Timberwolves",23,7839435,24.4,1.6,0.9,3.4,12.4,0.836,5.8,0.4,4.6,0.518,17.1,33.1,77,26.3,7.2,3.2,10.4,0.197,28.9,6.8,5.7
"Gary Trent Jr.",78,205,"Portland Trail Blazers",20,838464,2.7,0.1,0.1,0.3,0.7,0.429,0.5,0.238,1.4,0.32,3.3,7.4,15,3.6,-0.3,0.1,-0.2,-0.092,21.7,-10.3,-0.2
"Allonzo Trier",77,200,"New York Knicks",23,3382000,10.9,0.2,0.4,1.9,3.1,0.803,3.5,0.394,2.1,0.448,8.1,22.8,64,12.2,0.4,0.5,0.9,0.03,21.5,-4.2,-0.8
"P.J. Tucker",78,245,"Houston Rockets",33,7969537,7.3,0.5,1.6,1.2,5.8,0.695,0.7,0.377,4.7,0.396,6.4,34.2,82,9.2,2,3,5,0.086,9.5,1.3,2.3
"Evan Turner",79,220,"Portland Trail Blazers",30,17868852,6.8,0.2,0.5,3.9,4.5,0.708,1.5,0.212,0.7,0.46,6.1,22,73,11.6,0.5,1.5,2,0.06,15.9,-1.8,0.1
"Myles Turner",83,250,"Indiana Pacers",22,3410284,13.3,2.7,0.8,1.6,7.2,0.736,2.7,0.388,2.6,0.487,10.5,28.6,74,18,1.9,4.4,6.3,0.144,20,3.3,2.8
"Ekpe Udoh",82,245,"Utah Jazz",31,3360000,2.3,0.6,0.2,0.5,1.8,0.633,0.6,NA,0,0.694,1.4,6.3,51,20.9,0.9,0.7,1.6,0.238,13.1,5.6,0.6
"Jonas Valanciunas",84,265,"Memphis Grizzlies",26,16539326,15.6,1.1,0.4,1.4,8.6,0.795,3.8,0.292,1,0.559,11,22.3,49,24.4,2.2,1.9,4.2,0.183,28.5,1.2,0.9
"Jarred Vanderbilt",81,214,"Denver Nuggets",19,838464,1.4,0.1,0.4,0.2,1.4,0.6,0.6,0,0.1,0.474,1.1,4.1,17,12.4,-0.1,0.1,0.1,0.037,19.4,-4,0
"Fred VanVleet",72,195,"Toronto Raptors",24,8653847,11,0.3,0.9,4.8,2.6,0.843,1.8,0.378,4.6,0.41,9.4,27.5,64,13.7,2.4,1.9,4.3,0.117,17.9,0,0.9
"Noah Vonleh",81,250,"New York Knicks",23,1621415,8.4,0.8,0.7,1.9,7.8,0.712,2.3,0.336,2,0.47,6.5,25.3,68,13.9,1.5,1.7,3.2,0.09,14.8,0,0.9
"Nikola Vucevic",84,260,"Orlando Magic",28,12750000,20.8,1.1,1,3.8,12,0.789,2.8,0.364,2.9,0.518,16.9,31.4,80,25.5,5.4,4.7,10.1,0.193,28,6.4,5.3
"Dwyane Wade",76,220,"Miami Heat",37,2393887,15,0.5,0.8,4.2,4,0.708,3.2,0.33,3.6,0.433,13.3,26.2,72,15.8,0.1,2.3,2.4,0.061,27.9,-0.5,0.7
"Moritz Wagner",83,245,"Los Angeles Lakers",21,1762080,4.8,0.3,0.3,0.6,2,0.811,1.2,0.286,1.8,0.415,4,10.4,43,10.1,-0.3,0.5,0.2,0.02,21.7,-5.1,-0.3
"Dion Waiters",76,215,"Miami Heat",27,11550000,12,0.2,0.7,2.8,2.6,0.5,1,0.377,6.6,0.414,10.9,25.9,44,11.4,0.1,1.1,1.2,0.052,21.1,-1.9,0
"Kemba Walker",73,184,"Charlotte Hornets",28,1.2e+07,25.6,0.4,1.2,5.9,4.4,0.844,5.5,0.356,8.9,0.434,20.5,34.9,82,21.7,5.5,1.9,7.4,0.123,31.5,3.3,3.9
"Lonnie Walker",77,205,"San Antonio Spurs",20,2357160,2.6,0.2,0.4,0.5,1,0.8,0.6,0.385,0.8,0.348,2.7,6.9,17,10.8,-0.1,0.2,0,0.019,20.3,-4.4,-0.1
"John Wall",76,210,"Washington Wizards",28,19169800,20.7,0.9,1.5,8.7,3.6,0.697,5.5,0.302,5.3,0.444,17.3,34.5,32,18,0.5,0.7,1.2,0.051,28.8,-0.2,0.5
"Tyrone Wallace",77,198,"Los Angeles Clippers",24,1349383,3.5,0.1,0.3,0.7,1.6,0.526,0.9,0.211,0.3,0.424,3.5,10.1,62,7,-0.8,0.5,-0.3,-0.023,18.7,-6.3,-0.7
"Taurean Prince",80,220,"Atlanta Hawks",24,2526840,13.5,0.3,1,2.1,3.6,0.819,2.1,0.39,5.7,0.441,10.8,28.2,55,11.9,0.8,0.7,1.5,0.047,19.5,-1.9,0
"Brad Wanamaker",76,210,"Boston Celtics",29,838464,3.9,0.1,0.3,1.6,1.1,0.857,0.8,0.41,1.1,0.476,2.9,9.5,36,14.3,0.6,0.4,1,0.134,17.1,-2.2,0
"T.J. Warren",80,215,"Phoenix Suns",25,11750000,18,0.7,1.2,1.5,4,0.815,2.9,0.428,4.2,0.486,14.2,31.6,43,16.3,1.6,0.5,2.1,0.074,22.7,-1.7,0.1
"Julian Washburn",80,210,"<Free Agent>",27,0,2.2,0.1,0.7,0.8,2.3,0.75,0.2,0.208,1.3,0.333,2.7,14.1,18,6.5,-0.2,0.3,0.1,0.023,10,-3.4,-0.1
"Yuta Watanabe",81,205,"<Free Agent>",24,0,2.6,0.1,0.3,0.5,2.1,0.7,0.7,0.125,1.1,0.294,3.4,11.6,15,3.3,-0.4,0.2,-0.2,-0.065,15.8,-9.3,-0.3
"Thomas Welsh",84,255,"<Free Agent>",22,0,1.6,0,0,0.5,0.4,0.5,0.2,0.429,0.6,0.538,1.2,3.3,11,16.1,0.1,0,0.1,0.162,17.7,-2.6,0
"Russell Westbrook",75,200,"Oklahoma City Thunder",30,35654150,22.9,0.5,1.9,10.7,11.1,0.656,6.2,0.29,5.6,0.428,20.2,36,73,21.1,1.8,5,6.8,0.124,30.9,6.5,5.6
"Derrick White",76,190,"San Antonio Spurs",24,1667160,9.9,0.7,1,3.9,3.7,0.772,1.8,0.338,2.1,0.479,8.1,25.8,67,14.8,1.7,1.9,3.6,0.101,17.7,0.9,1.3
"Okaro White",80,205,"Washington Wizards",26,264919,0,0,0,0,0.7,NA,0,0,0.7,0,0.7,2,3,-4.5,0,0,0,-0.251,14.1,-19.2,0
"Hassan Whiteside",84,265,"Miami Heat",29,25434263,12.3,1.9,0.6,0.8,11.3,0.449,3.4,0.125,0.2,0.571,9.4,23.3,72,23.5,2.3,4,6.3,0.18,22.6,0.8,1.2
"Andrew Wiggins",80,194,"Minnesota Timberwolves",23,25467250,18.1,0.7,1,2.5,4.8,0.699,4.1,0.339,4.8,0.412,16.6,34.8,73,12.4,-0.6,1.3,0.6,0.012,24.4,-2.9,-0.6
"Alan Williams",80,265,"<Free Agent>",26,0,3.6,0,0.2,0.6,3.8,0.5,0.8,0,0.2,0.615,2.6,5.2,5,32.9,0.1,0.1,0.2,0.312,25.5,5.8,0.1
"C.J. Williams",77,226,"<Free Agent>",28,0,2.6,0,0.4,0.8,0.5,0,0.1,0.313,1.1,0.486,2.3,8.5,15,8.8,0.1,0.1,0.1,0.042,13.3,-4,-0.1
"Johnathan Williams",81,228,"<Free Agent>",23,0,6.5,0.3,0.3,0.5,4.1,0.563,2,0,0.1,0.591,4.6,15.5,24,15.1,0.7,0.3,1,0.135,16.4,-1.7,0
"Kenrich Williams",79,210,"New Orleans Pelicans",24,838464,6.1,0.4,1,1.8,4.8,0.684,0.4,0.333,3.4,0.384,6.1,23.5,46,9.7,0.3,0.9,1.2,0.053,12.3,-0.3,0.5
"Lou Williams",73,175,"Los Angeles Clippers",32,8e+06,20,0.1,0.8,5.4,3,0.876,6.5,0.361,3.9,0.425,15.2,26.6,75,21.2,3.9,1.2,5.1,0.123,32.4,0.4,1.2
"Marvin Williams",81,237,"Charlotte Hornets",32,14087500,10.1,0.8,0.9,1.2,5.4,0.767,1.1,0.366,5.1,0.422,8.7,28.4,75,12.6,1.9,1.9,3.8,0.086,14.9,0.3,1.3
"Robert Williams",82,240,"Boston Celtics",21,1654440,2.5,1.3,0.3,0.2,2.5,0.6,0.5,NA,0,0.706,1.6,8.8,32,18.8,0.5,0.6,1.2,0.201,10.3,4.4,0.5
"Troy Williams",79,218,"Houston Rockets",24,122741,5.3,0.4,0.5,0.5,2.8,0.6,0.7,0.318,2.1,0.449,4.7,14.9,21,10.5,0.1,0.3,0.4,0.064,15,-2.6,0
"D.J. Wilson",82,231,"Milwaukee Bucks",22,2534280,5.8,0.4,0.4,1.1,4.6,0.553,1,0.362,2.6,0.414,5.2,18.4,48,10.3,0.3,1.4,1.7,0.093,14.4,-1.6,0.1
"Justise Winslow",79,225,"Miami Heat",22,3448926,12.6,0.3,1.1,4.3,5.4,0.628,2.1,0.375,3.9,0.433,11.3,29.7,66,12.8,0.2,2.6,2.8,0.067,20.8,-0.1,1
"Christian Wood",82,214,"New Orleans Pelicans",23,1512601,8.2,0.5,0.3,0.4,4,0.732,2.7,0.346,1.2,0.521,5.6,12,21,21.9,0.4,0.3,0.8,0.151,26.1,-3.3,-0.1
"Delon Wright",77,183,"Memphis Grizzlies",26,2536898,8.7,0.4,1.2,3.3,3.5,0.793,2,0.298,2.2,0.434,7.4,22.7,75,15.5,1.9,2.4,4.3,0.121,18.1,1.5,1.5
"Guerschon Yabusele",80,260,"Boston Celtics",23,2667600,2.3,0.2,0.2,0.4,1.3,0.682,0.5,0.321,0.7,0.455,1.9,6.1,41,12.4,0.2,0.3,0.5,0.09,17.5,-2.1,0
"Nick Young",79,210,"Denver Nuggets",33,311070,2.3,0.3,0,0.5,0.3,NA,0,0.375,2,0.333,2.3,9.3,4,2.3,0,0,0,-0.021,12.7,-7,0
"Thaddeus Young",80,221,"Indiana Pacers",30,13764045,12.6,0.4,1.5,2.5,6.5,0.644,1.7,0.349,1.8,0.527,10.4,30.7,81,16.2,3,3.9,6.9,0.133,18,2.9,3.1
"Trae Young",74,180,"Atlanta Hawks",20,5356440,19.1,0.2,0.9,8.1,3.7,0.829,5.1,0.324,6,0.418,15.5,30.9,81,17,2.5,0.7,3.3,0.062,28.4,-1.1,0.6
"Cody Zeller",84,240,"Charlotte Hornets",26,13528090,10.1,0.8,0.8,2.1,6.8,0.787,2.9,0.273,0.4,0.551,7,25.4,49,17.2,2.6,1.2,3.9,0.15,16.3,2,1.2
"Tyler Zeller",84,253,"Atlanta Hawks",29,106974,7.7,0.5,0.2,0.7,4,0.778,3,0,0.2,0.533,5,15.5,6,17.3,0.2,0.1,0.3,0.167,20.1,-2.2,0
"Ante Zizic",83,254,"Cleveland Cavaliers",22,1952760,7.8,0.4,0.2,0.9,5.4,0.705,2.2,NA,0,0.553,5.6,18.3,59,16.2,1.7,0.3,2,0.087,18.2,-3.1,-0.3
"Ivica Zubac",85,240,"Los Angeles Clippers",21,1544951,8.9,0.9,0.2,1.1,6.1,0.802,2.1,NA,0,0.559,6.4,17.6,59,18.9,1.9,1.3,3.2,0.148,20.3,-0.3,0.5
